date_scrape,coin_name,r_subscribers,r_comments,r_upvotes,r_upvote_ratio,t_unique_posts,t_retweets,t_favorites,t_followers,t_unique_users,y_subscribers,y_views,y_comments,y_likes,y_unique_channels,price
2021-03-09,bitcoin,2557418.0,190.95372233400403,1351.6961770623743,0.9251106639839041,497.0,434.1666666666667,2812.6666666666665,1631642.0,6.0,1845257.0,989847.5,5160.111111111111,833.7,10.0,54824.1171875
2021-03-10,bitcoin,2561723.0,192.70564516129033,1384.280241935484,0.9266129032258079,496.0,375.0,2691.4,1639941.4,10.0,1918453.3333333333,1450209.3333333333,5807.25,746.0,6.0,56008.55078125
2021-03-11,bitcoin,2565734.0,194.00201612903226,1391.9314516129032,0.9273588709677413,496.0,416.6,2967.4,1650183.0,10.0,1920220.0,1487169.0,3382.6,768.3333333333334,6.0,57805.12109375
2021-03-12,bitcoin,2569574.0,197.23185483870967,1419.2479838709678,0.9293346774193544,496.0,424.8,2999.1,1656158.0,10.0,1760500.0,1116006.2,4232.4,689.8,10.0,57332.08984375
2021-03-13,bitcoin,2574583.0,199.6451612903226,1462.6350806451612,0.9289717741935481,496.0,727.5,4924.4,1667004.0,10.0,1613264.0,1144156.0,3619.0,670.9,10.0,61243.0859375
2021-03-14,bitcoin,2579439.0,200.26814516129033,1479.1350806451612,0.9258669354838733,496.0,802.3,5516.2,1676634.0,10.0,1912078.0,1066596.3,3741.5714285714284,800.6,10.0,59302.31640625
2021-03-15,bitcoin,2584150.0,201.48790322580646,1486.2923387096773,0.926048387096774,496.0,809.3,5575.8,1683686.0,10.0,1676582.0,1735144.6,5050.4,602.6,5.0,55907.19921875
2021-03-16,bitcoin,2588835.0,201.7171717171717,1495.6,0.9241616161616177,495.0,816.7,5597.5,1691176.0,10.0,2165250.0,892411.5,4471.833333333333,32680.0,10.0,56804.90234375
2021-03-17,bitcoin,2593627.0,198.9050505050505,1494.9333333333334,0.9245050505050503,495.0,802.2,5492.9,1698425.0,10.0,2165250.0,892411.5,4471.833333333333,32680.0,10.0,58870.89453125
2021-03-18,bitcoin,2597910.0,69.62650602409639,330.3152610441767,0.8336546184738947,498.0,808.8,5507.9,1707644.0,10.0,1571609.0,827801.6,4777.8,22530.0,10.0,57858.921875
2021-03-19,bitcoin,2601709.0,201.18989898989898,1518.329292929293,0.9250707070707068,495.0,810.7,5515.0,1716856.0,10.0,1789000.0,699875.9,4649.2,19110.0,10.0,58346.65234375
2021-03-20,bitcoin,2605439.0,200.9050505050505,1504.478787878788,0.9221818181818178,495.0,814.8,5521.4,1725520.8,10.0,1405236.3636363635,580827.6363636364,4138.545454545455,21445.454545454544,11.0,58313.64453125
2021-03-21,bitcoin,2609709.0,198.83838383838383,1506.1313131313132,0.9202020202020205,495.0,817.2,5529.2,1735850.0,10.0,1485116.0,674117.6,4786.4,22600.0,10.0,57523.421875
2021-03-22,bitcoin,2613526.0,74.1830985915493,366.6639839034205,0.835573440643864,497.0,820.9,5534.3,1745349.0,10.0,1771375.0,583780.875,5916.6,20250.0,8.0,54529.14453125
2021-03-23,bitcoin,2617425.0,199.29817444219066,1546.7789046653145,0.9218052738336736,493.0,786.4,5340.9,1752235.0,10.0,3114800.0,841370.2,6600.1,46220.0,10.0,54738.9453125
2021-03-24,bitcoin,2621534.0,199.47261663286005,1546.4239350912778,0.9201825557809327,493.0,735.5,4840.0,1764387.4,10.0,2956900.0,846175.9,7981.375,46970.0,10.0,52774.265625
2021-03-25,bitcoin,2625703.0,203.83772819472617,1592.9006085192698,0.92107505070994,493.0,761.7,5136.4,1775317.0,10.0,2957700.0,852735.9,6214.714285714285,47070.0,10.0,51704.16015625
2021-03-26,bitcoin,2629031.0,204.68965517241378,1602.6815415821502,0.9183772819472614,493.0,774.4,5225.7,1783934.0,10.0,1302000.0,531065.3,4435.1,19880.0,10.0,55137.3125
2021-03-27,bitcoin,2632142.0,203.4340770791075,1595.342799188641,0.9189249492900605,493.0,778.0,5240.4,1793709.1,10.0,1322500.0,529110.3,4467.0,20280.0,10.0,55973.51171875
2021-03-28,bitcoin,2635678.0,203.87018255578093,1599.261663286004,0.919655172413795,493.0,780.7,5250.6,1803546.0,10.0,4746416.666666667,897086.6666666666,7428.75,48500.0,12.0,55950.74609375
2021-03-29,bitcoin,2639035.0,203.04268292682926,1587.3048780487804,0.918373983739837,492.0,777.5,5241.2,1808775.0,10.0,5577666.666666667,927422.4444444445,7584.111111111111,53777.77777777778,9.0,57750.19921875
2021-03-30,bitcoin,2642478.0,202.96957403651115,1580.866125760649,0.9183975659229209,493.0,780.8,5243.4,1816486.0,10.0,1679333.3333333333,656361.5555555555,5669.444444444444,24333.333333333332,9.0,58917.69140625
2021-03-31,bitcoin,2646076.0,203.65314401622717,1585.2981744421907,0.9191886409736307,493.0,784.3,5254.4,1825433.0,10.0,3649666.6666666665,632293.6666666666,5800.625,21555.555555555555,9.0,58918.83203125
2021-04-01,bitcoin,2649293.0,72.11670020120724,348.40845070422534,0.8177464788732389,497.0,787.9,5258.1,1834328.5,10.0,5388666.666666667,1001550.0,8059.444444444444,54611.11111111111,9.0,59095.80859375
2021-04-02,bitcoin,2652630.0,202.23732251521298,1575.870182555781,0.9181135902636914,493.0,789.8,5263.5,1843277.0,10.0,5583375.0,993139.5,8111.111111111111,54311.11111111111,9.0,59384.3125
2021-04-03,bitcoin,2655789.0,201.8316430020284,1576.8215010141987,0.9170182555780929,493.0,793.1,5266.8,1852033.0,10.0,3582212.5,719494.5,5746.555555555556,23788.88888888889,9.0,57603.890625
2021-04-04,bitcoin,2659284.0,202.49290060851928,1585.5841784989857,0.9141987829614598,493.0,792.2,5270.8,1861449.0,10.0,3775888.888888889,684783.0,5357.25,24477.777777777777,9.0,58758.5546875
2021-04-05,bitcoin,2662914.0,201.1156186612576,1578.0608519269776,0.9153549695740361,493.0,796.2,5273.8,1871848.0,10.0,5558000.0,914588.8,9445.0,30460.0,5.0,59057.87890625
2021-04-06,bitcoin,2666400.0,71.5010060362173,337.40241448692154,0.7979476861166996,497.0,822.0,5298.0,1881542.875,8.0,5359000.0,980938.0,8243.75,26280.0,5.0,58192.359375
2021-04-07,bitcoin,2669966.0,201.0161943319838,1575.827935222672,0.9135222672064774,494.0,802.4444444444445,4949.111111111111,1891863.0,9.0,3787175.0,668985.875,3678.8,24100.0,8.0,56048.9375
2021-04-08,bitcoin,2673050.0,202.03427419354838,1577.8145161290322,0.9097782258064512,496.0,368.625,2285.5,1901191.0,8.0,2165250.0,892411.5,4471.833333333333,32680.0,10.0,58323.953125
2021-04-09,bitcoin,2675921.0,202.62776659959758,1580.7404426559356,0.9091750503018105,497.0,375.0,2325.5,1909184.0,8.0,2165250.0,892411.5,4471.833333333333,32680.0,10.0,58245.00390625
2021-04-10,bitcoin,2679124.0,202.4446680080483,1584.0744466800804,0.9091951710261565,497.0,381.5,2341.375,1917897.0,8.0,1332170.0,509998.7,3727.777777777778,22890.0,10.0,59793.234375
2021-04-11,bitcoin,2682506.0,203.22736418511067,1588.4305835010061,0.9098993963782692,497.0,384.25,2351.625,1926787.0,8.0,1993580.0,518614.1,3956.7,22400.0,10.0,60204.96484375
2021-04-12,bitcoin,2685923.0,203.3400402414487,1610.625754527163,0.9110663983903415,497.0,361.1111111111111,2167.8888888888887,1936722.5555555555,9.0,2660422.222222222,489818.77777777775,3426.1428571428573,20744.444444444445,9.0,59893.453125
2021-04-13,bitcoin,2689714.0,202.74647887323943,1622.9114688128773,0.9072635814889342,497.0,359.0,2212.4,1949272.0,10.0,1833737.5,601529.625,4770.833333333333,28625.0,8.0,63503.45703125
2021-04-14,bitcoin,2694477.0,71.19678714859438,394.1847389558233,0.8246184738955816,498.0,684.5,4816.3,1966645.0,10.0,3741000.0,919279.8,4528.6,36700.0,10.0,63109.6953125
2021-04-15,bitcoin,2699154.0,202.28571428571428,1668.2494969818913,0.9103621730382288,497.0,578.4,3972.3,1977999.0,10.0,5853516.666666667,1193130.6666666667,4312.5,52933.333333333336,6.0,63314.01171875
2021-04-16,bitcoin,2706334.0,72.04618473895583,394.9859437751004,0.8171887550200796,498.0,590.1,4022.6,1994738.0,10.0,2494014.285714286,1156988.4285714286,14409.0,47928.57142857143,7.0,61572.7890625
2021-04-17,bitcoin,2713028.0,204.19315895372233,1714.2293762575453,0.9078068410462783,497.0,512.9,3685.3,2003708.0,10.0,2797120.0,959419.5,7614.8,39040.0,10.0,60683.8203125
2021-04-18,bitcoin,2722125.0,72.97991967871486,382.62248995983936,0.778393574297188,498.0,527.6,3781.3,2024723.6,10.0,2703900.0,829927.8,5385.444444444444,40440.0,10.0,56216.18359375
2021-04-19,bitcoin,2729992.0,205.58232931726909,1740.3393574297188,0.9059638554216881,498.0,393.5,2994.4,2040058.8,10.0,2762430.0,873809.6,5538.5,41000.0,10.0,55724.265625
2021-04-20,bitcoin,2737545.0,205.64788732394365,1745.2454728370221,0.9066800804828966,497.0,410.7,3075.3,2058614.0,10.0,2824900.0,859180.4,5764.6,41030.0,10.0,56473.03125
2021-04-21,bitcoin,2744067.0,204.67469879518072,1735.8333333333333,0.9111445783132525,498.0,404.2,3060.4,2072740.1,10.0,3131062.5,1061726.0,9585.5,47450.0,8.0,53906.08984375
2021-04-22,bitcoin,2750623.0,203.4718875502008,1717.9156626506024,0.9036746987951818,498.0,238.2,1494.7,2086755.0,10.0,3288187.5,1023069.625,4718.0,44825.0,8.0,51762.2734375
2021-04-23,bitcoin,2757938.0,203.3574297188755,1720.5100401606426,0.902851405622489,498.0,251.0,1565.9,2102641.0,10.0,2165250.0,892411.5,4471.833333333333,32680.0,10.0,51093.65234375
2021-04-24,bitcoin,2763175.0,203.57831325301206,1725.8915662650602,0.9013453815261041,498.0,223.4,1510.0,2114512.0,10.0,3021777.777777778,985366.8888888889,6798.142857142857,44166.666666666664,9.0,50050.8671875
2021-04-25,bitcoin,2768733.0,203.79317269076304,1739.624497991968,0.9043975903614473,498.0,243.7,1614.7,2126620.0,10.0,3005300.0,1029124.7777777778,4830.666666666667,42322.22222222222,9.0,49004.25390625
2021-04-26,bitcoin,2773975.0,69.13654618473896,337.93373493975906,0.8086947791164657,498.0,227.9,1485.9,2138954.0,10.0,2762466.6666666665,1023950.3333333334,7270.2,41588.88888888889,9.0,54021.75390625
2021-04-27,bitcoin,2779017.0,205.18273092369478,1761.7048192771085,0.9037349397590376,498.0,261.6,1702.2,2149877.7,10.0,2872180.0,1601233.8,7673.333333333333,64000.0,5.0,55033.1171875
2021-04-28,bitcoin,2783835.0,205.210843373494,1776.4497991967871,0.9046385542168677,498.0,386.8,2228.7,2163625.6,10.0,2165250.0,892411.5,4471.833333333333,32680.0,10.0,54824.703125
2021-03-09,ethereum,714438.0,50.75959595959596,187.96565656565656,0.8514141414141413,495.0,507.0,1915.0,776543.0,1.0,622840.0,311111.4,3286.4,399.3,10.0,1868.048828125
2021-03-10,ethereum,716416.0,51.385858585858585,192.3939393939394,0.8580808080808079,495.0,523.0,1995.0,780109.0,1.0,639650.0,345057.8333333333,3651.2,472.6666666666667,6.0,1799.166259765625
2021-03-11,ethereum,718300.0,52.11290322580645,195.93145161290323,0.8596774193548384,496.0,284.5,1096.0,783633.0,2.0,630000.0,311961.6,3311.6666666666665,408.2,10.0,1826.1949462890625
2021-03-12,ethereum,719964.0,52.40725806451613,197.375,0.8570362903225802,496.0,297.0,1143.5,786195.0,2.0,643222.2222222222,292406.77777777775,2967.7,391.5,10.0,1772.1024169921875
2021-03-13,ethereum,721934.0,53.149193548387096,198.3891129032258,0.8628024193548386,496.0,299.5,1153.5,789681.0,2.0,637683.3333333334,350779.5,3413.3333333333335,470.8333333333333,6.0,1924.6854248046875
2021-03-14,ethereum,724297.0,53.59879032258065,200.3951612903226,0.86171370967742,496.0,301.0,1157.0,793671.0,2.0,592840.0,312600.2,2984.1,395.7,10.0,1854.5643310546875
2021-03-15,ethereum,726425.0,53.93346774193548,202.56048387096774,0.858588709677419,496.0,303.0,1159.0,797012.0,2.0,588380.0,314090.5,3032.7,394.5,10.0,1791.7022705078125
2021-03-16,ethereum,728474.0,55.49596774193548,206.36693548387098,0.8611088709677424,496.0,303.5,1161.5,800598.0,2.0,1051933.3333333333,355505.5,0.0,14833.333333333334,6.0,1806.9718017578125
2021-03-17,ethereum,730659.0,56.22379032258065,209.71370967741936,0.8601209677419352,496.0,300.0,1152.5,802741.0,2.0,1051933.3333333333,355505.5,0.0,14833.333333333334,6.0,1823.4493408203125
2021-03-18,ethereum,732488.0,57.224242424242426,212.18383838383838,0.8618989898989892,495.0,301.0,1154.5,806815.0,2.0,730700.0,311591.6,3194.9,15040.0,10.0,1782.8551025390625
2021-03-19,ethereum,734144.0,57.09475806451613,211.4758064516129,0.8627016129032257,496.0,299.5,1151.5,810261.0,2.0,820833.3333333334,355612.8333333333,4000.4,17000.0,6.0,1817.6241455078125
2021-03-20,ethereum,735741.0,57.48185483870968,212.23790322580646,0.8596774193548382,496.0,301.5,1152.0,814108.0,2.0,738000.0,317822.0,3235.3,15140.0,10.0,1812.6346435546875
2021-03-21,ethereum,737813.0,57.58870967741935,215.14314516129033,0.8622580645161289,496.0,301.5,1152.0,819721.0,2.0,792000.0,350677.14285714284,2808.5,16428.571428571428,7.0,1788.217041015625
2021-03-22,ethereum,739533.0,57.89314516129032,217.62298387096774,0.8619556451612904,496.0,302.0,1151.0,823930.0,2.0,813000.0,362115.6666666667,4370.5,16500.0,6.0,1691.333984375
2021-03-23,ethereum,741041.0,58.11515151515152,217.74747474747474,0.8630909090909096,495.0,52.0,228.0,827311.0,2.0,730600.0,314509.4,3039.0,14100.0,10.0,1678.650146484375
2021-03-24,ethereum,742739.0,58.432323232323235,219.11515151515152,0.8612323232323231,495.0,35.0,186.0,831853.0,1.0,820666.6666666666,366045.6666666667,4844.0,16666.666666666668,6.0,1593.4134521484375
2021-03-25,ethereum,744163.0,57.422222222222224,216.3171717171717,0.8569494949494951,495.0,37.0,187.0,835314.0,1.0,742000.0,318477.0,1789.2,14680.0,10.0,1595.3592529296875
2021-03-26,ethereum,745427.0,57.965656565656566,219.08282828282827,0.8532929292929291,495.0,39.0,189.0,838403.0,1.0,671600.0,281360.5,2371.4,12530.0,10.0,1702.842041015625
2021-03-27,ethereum,746637.0,58.69292929292929,222.08080808080808,0.8563434343434342,495.0,38.0,191.0,841493.0,1.0,668888.8888888889,288133.3333333333,2583.0,12811.111111111111,9.0,1716.49462890625
2021-03-28,ethereum,748039.0,58.674089068825914,222.24493927125505,0.8528137651821867,494.0,38.0,191.0,844753.0,1.0,675444.4444444445,289422.8888888889,2598.5555555555557,12811.111111111111,9.0,1691.35595703125
2021-03-29,ethereum,749434.0,58.84146341463415,226.0142276422764,0.8583739837398371,492.0,38.0,187.0,845058.0,1.0,677000.0,282370.1111111111,1973.375,12255.555555555555,9.0,1819.6849365234375
2021-03-30,ethereum,750951.0,59.140243902439025,228.8150406504065,0.8574999999999997,492.0,37.0,185.0,846975.0,1.0,680333.3333333334,282975.22222222225,2142.3333333333335,12266.666666666666,9.0,1846.03369140625
2021-03-31,ethereum,752378.0,59.6869918699187,229.3109756097561,0.8569308943089424,492.0,37.0,185.0,850239.0,1.0,670333.3333333334,288265.77777777775,2231.0,12200.0,9.0,1918.362060546875
2021-04-01,ethereum,753777.0,60.11178861788618,231.6138211382114,0.8568292682926826,492.0,38.0,186.0,853961.0,1.0,940333.3333333334,287083.44444444444,2410.5555555555557,13722.222222222223,9.0,1977.27685546875
2021-04-02,ethereum,755714.0,60.41260162601626,232.53048780487805,0.8548780487804875,492.0,38.0,186.0,859379.0,1.0,942333.3333333334,288639.6666666667,2428.8888888888887,13833.333333333334,9.0,2143.2255859375
2021-04-03,ethereum,757638.0,60.871690427698574,234.64562118126273,0.8599185336048877,491.0,38.0,186.0,863588.0,1.0,945555.5555555555,289918.44444444444,2437.777777777778,13833.333333333334,9.0,2028.4224853515625
2021-04-04,ethereum,759244.0,61.05295315682281,235.05906313645622,0.8571894093686347,491.0,38.0,186.0,867405.0,1.0,948000.0,290951.3333333333,2205.875,13944.444444444445,9.0,2093.122802734375
2021-04-05,ethereum,760926.0,61.54786150712831,235.34012219959266,0.8559063136456206,491.0,56.5,239.0,871247.0,2.0,723250.0,372947.5,2801.25,14250.0,4.0,2107.88720703125
2021-04-06,ethereum,762629.0,62.08350305498982,237.65376782077394,0.8600610997963333,491.0,56.5,239.5,875346.0,2.0,932333.3333333334,308232.1111111111,2733.625,14055.555555555555,9.0,2118.37890625
2021-04-07,ethereum,764395.0,62.496945010183296,241.34826883910387,0.8629327902240324,491.0,56.5,240.0,879337.0,2.0,1029285.7142857143,327299.4285714286,2991.8333333333335,15128.57142857143,7.0,1971.0772705078125
2021-04-08,ethereum,765825.0,62.645621181262726,241.9837067209776,0.8615478615071281,491.0,57.0,240.0,882867.0,2.0,1051933.3333333333,355505.5,0.0,14833.333333333334,6.0,2088.57373046875
2021-04-09,ethereum,767136.0,63.14867617107943,245.79226069246437,0.8626883910386964,491.0,56.5,240.0,886251.0,2.0,1051933.3333333333,355505.5,0.0,14833.333333333334,6.0,2072.10888671875
2021-04-10,ethereum,768608.0,64.88391038696538,257.7739307535642,0.8640325865580446,491.0,55.5,238.5,890023.0,2.0,1004400.0,285606.9,2253.6666666666665,14290.0,10.0,2135.942138671875
2021-04-11,ethereum,770551.0,65.90631364562118,259.29938900203666,0.8592668024439913,491.0,37.0,186.0,894142.0,1.0,1261888.888888889,293751.1111111111,2067.777777777778,13655.555555555555,9.0,2157.656982421875
2021-04-12,ethereum,772718.0,67.0244399185336,261.73930753564156,0.8635845213849287,491.0,37.0,186.0,897950.0,1.0,1261600.0,353369.8,2958.25,16380.0,5.0,2139.353271484375
2021-04-13,ethereum,774598.0,66.41260162601625,263.1483739837398,0.8590853658536585,492.0,37.0,186.0,902252.0,1.0,1262800.0,354324.2,3200.8,16380.0,5.0,2299.187744140625
2021-04-14,ethereum,777072.0,66.2560975609756,260.7154471544715,0.8609959349593486,492.0,37.0,186.0,908663.0,1.0,1012000.0,291579.1,2113.4,13370.0,10.0,2435.10498046875
2021-04-15,ethereum,779979.0,66.23983739837398,262.6788617886179,0.8625609756097559,492.0,37.0,186.0,915227.0,1.0,1037666.6666666666,301859.44444444444,2475.3333333333335,13433.333333333334,9.0,2519.1162109375
2021-04-16,ethereum,783387.0,66.53252032520325,263.7439024390244,0.8609349593495933,492.0,37.0,186.0,923403.0,1.0,1120166.6666666667,251253.33333333334,548.0,12516.666666666666,6.0,2431.946533203125
2021-04-17,ethereum,786544.0,66.67073170731707,269.2642276422764,0.8615040650406497,492.0,37.0,186.0,928486.0,1.0,1080571.4285714286,246735.42857142858,1080.25,12885.714285714286,7.0,2344.89501953125
2021-04-18,ethereum,790312.0,68.69918699186992,274.4247967479675,0.8618902439024387,492.0,37.0,186.0,936196.0,1.0,925700.0,235811.3,1810.7777777777778,11090.0,10.0,2237.136962890625
2021-04-19,ethereum,794112.0,70.44016227180528,277.9026369168357,0.8640973630831648,493.0,37.0,186.0,941760.0,1.0,964333.3333333334,241713.11111111112,1654.25,11722.222222222223,9.0,2166.188720703125
2021-04-20,ethereum,797931.0,71.7606490872211,283.4766734279919,0.8653955375253543,493.0,37.0,186.0,948619.0,1.0,952177.7777777778,252972.88888888888,1414.4285714285713,11922.222222222223,9.0,2330.2109375
2021-04-21,ethereum,801544.0,72.62068965517241,289.5395537525355,0.8623326572008109,493.0,37.0,186.0,954030.0,1.0,1118500.0,274570.8333333333,3314.0,14916.666666666666,6.0,2364.751708984375
2021-04-22,ethereum,805704.0,70.96551724137932,290.65922920892496,0.8616835699797165,493.0,38.0,186.0,959536.0,1.0,969214.2857142857,294018.4285714286,758.5,14014.285714285714,7.0,2403.53515625
2021-04-23,ethereum,809027.0,72.44331983805668,298.1781376518219,0.8694129554655865,494.0,56.5,239.0,964131.0,2.0,1051933.3333333333,355505.5,0.0,14833.333333333334,6.0,2363.586181640625
2021-04-24,ethereum,811723.0,71.56275303643724,307.497975708502,0.8687449392712544,494.0,56.5,239.0,968398.0,2.0,947666.6666666666,268800.6666666667,1731.5,14066.666666666666,9.0,2211.625732421875
2021-04-25,ethereum,814430.0,72.31174089068826,304.87044534412956,0.8678744939271252,494.0,56.0,239.0,972551.0,2.0,1187600.0,276178.8,2060.5,15520.0,5.0,2316.0595703125
2021-04-26,ethereum,817164.0,72.39676113360323,306.87651821862346,0.8649595141700397,494.0,91.0,414.0,977173.0,1.0,1095142.857142857,265710.4285714286,1183.75,14100.0,7.0,2534.481689453125
2021-04-27,ethereum,820115.0,72.66194331983806,309.57894736842104,0.867307692307693,494.0,104.0,478.0,981754.0,1.0,920190.0,308369.7,1637.5,11240.0,10.0,2662.865234375
2021-04-28,ethereum,823341.0,72.66396761133603,308.44331983805665,0.8697773279352219,494.0,111.0,501.0,987599.0,1.0,1051933.3333333333,355505.5,0.0,14833.333333333334,6.0,2746.380126953125
2021-03-09,cardano,252251.0,121.736,306.388,0.9364199999999996,500.0,49.8,314.2,288343.0,10.0,562100.0,294613.0,3104.4444444444443,324.2,10.0,1.195160984992981
2021-03-10,cardano,254021.0,122.068,311.942,0.9360400000000025,500.0,43.7,332.1,290157.0,10.0,565800.0,300020.1,3092.8888888888887,326.9,10.0,1.1350029706954956
2021-03-11,cardano,255617.0,123.092,316.998,0.9359999999999997,500.0,47.5,332.7,292630.0,10.0,569200.0,305510.9,3255.375,330.2,10.0,1.1247899532318115
2021-03-12,cardano,257351.0,124.666,320.488,0.9358199999999994,500.0,55.1,379.0,294508.0,10.0,583666.6666666666,307528.0,3033.0,332.5,10.0,1.0391440391540527
2021-03-13,cardano,259326.0,125.828,322.804,0.9347999999999997,500.0,59.5,395.4,296990.0,10.0,612500.0,329576.125,3355.25,375.75,8.0,1.1033140420913696
2021-03-14,cardano,261360.0,127.52,328.914,0.9357000000000028,500.0,60.3,401.8,299669.0,10.0,580900.0,316624.0,3215.222222222222,335.3,10.0,1.0591540336608887
2021-03-15,cardano,263411.0,128.366,337.526,0.9357999999999997,500.0,69.1,458.7,302177.0,10.0,584100.0,319407.6,3223.8888888888887,336.8,10.0,1.033539056777954
2021-03-16,cardano,266154.0,130.906,347.284,0.9363999999999992,500.0,70.6,469.3,306372.0,10.0,523166.6666666667,180310.16666666666,1283.0,9216.666666666666,6.0,1.2429529428482056
2021-03-17,cardano,269658.0,133.568,351.166,0.9321799999999996,500.0,71.5,477.7,310643.0,10.0,523166.6666666667,180310.16666666666,1283.0,9216.666666666666,6.0,1.3786729574203491
2021-03-18,cardano,273572.0,138.234,358.092,0.9295000000000012,500.0,72.4,481.1,315725.0,10.0,588800.0,318374.5,2757.9,15000.0,10.0,1.2390060424804688
2021-03-19,cardano,276342.0,140.982,363.282,0.9261799999999994,500.0,78.1,514.2,319294.0,10.0,634200.0,388128.6,3692.0,18200.0,5.0,1.3021700382232666
2021-03-20,cardano,279266.0,142.154,368.086,0.9272799999999993,500.0,80.1,526.8,322513.4,10.0,595900.0,322546.7,2768.8,15300.0,10.0,1.2065409421920776
2021-03-21,cardano,282258.0,142.62725450901803,372.1382765531062,0.9278557114228478,499.0,81.2,530.9,326570.0,10.0,639800.0,396871.4,3682.0,18800.0,5.0,1.18913996219635
2021-03-22,cardano,284762.0,143.23446893787576,375.9318637274549,0.9260320641282589,499.0,88.9,569.2,330180.0,10.0,603300.0,326596.6,2949.0,15300.0,10.0,1.1098740100860596
2021-03-23,cardano,286836.0,144.334,380.932,0.9270800000000021,500.0,90.0,559.3,332742.0,10.0,617000.0,329012.6,2674.3,15600.0,10.0,1.1215519905090332
2021-03-24,cardano,289118.0,145.458,386.95,0.9269200000000023,500.0,102.25,607.25,336638.0,4.0,642500.0,384992.8333333333,3806.5,17666.666666666668,6.0,1.0750019550323486
2021-03-25,cardano,290895.0,148.756,394.798,0.9257000000000016,500.0,106.0,628.0,339735.0,2.0,614900.0,333254.6,2630.4285714285716,15280.0,10.0,1.1015739440917969
2021-03-26,cardano,292644.0,150.558,402.858,0.9269399999999997,500.0,106.0,697.3333333333334,342980.0,3.0,638100.0,323238.5,2618.8,15280.0,10.0,1.2139689922332764
2021-03-27,cardano,294141.0,151.012,403.188,0.9257799999999993,500.0,116.33333333333333,779.0,345297.0,3.0,673200.0,322710.4,2371.5555555555557,16380.0,10.0,1.1765769720077515
2021-03-28,cardano,296025.0,151.462,406.658,0.9286600000000023,500.0,119.0,797.0,348147.0,3.0,679800.0,324787.1,2600.1,16480.0,10.0,1.1911239624023438
2021-03-29,cardano,297702.0,151.922,410.036,0.9283399999999993,500.0,118.33333333333333,800.0,348532.0,3.0,681500.0,325414.7,2596.4444444444443,16480.0,10.0,1.2025409936904907
2021-03-30,cardano,299433.0,152.73,415.37,0.9292199999999996,500.0,106.0,720.0,350056.0,4.0,685000.0,326579.4,2840.625,16590.0,10.0,1.2133170366287231
2021-03-31,cardano,301203.0,153.698,424.264,0.9328199999999994,500.0,131.0,856.5,352924.0,4.0,688200.0,327721.8,2708.777777777778,16690.0,10.0,1.1932640075683594
2021-04-01,cardano,302813.0,154.578,425.348,0.9318399999999996,500.0,138.0,895.25,355658.0,4.0,626000.0,306083.1,2096.777777777778,16190.0,10.0,1.189244031906128
2021-04-02,cardano,304507.0,155.654,427.314,0.9331399999999996,500.0,110.5,747.3333333333334,358454.0,6.0,647900.0,272730.1,1657.3,14640.0,10.0,1.1965090036392212
2021-04-03,cardano,306202.0,157.862,434.838,0.9290799999999996,500.0,114.5,781.5,360777.0,6.0,651600.0,273179.9,1554.3,14640.0,10.0,1.1732770204544067
2021-04-04,cardano,307866.0,157.794,434.116,0.9277799999999994,500.0,117.16666666666667,794.6666666666666,363224.0,6.0,631857.1428571428,305706.0,1573.75,16557.14285714286,7.0,1.1914199590682983
2021-04-05,cardano,309751.0,56.57715430861723,208.66533066132266,0.8787374749498994,499.0,117.83333333333333,800.3333333333334,366154.0,6.0,691500.0,238854.83333333334,1413.0,13483.333333333334,6.0,1.2143000364303589
2021-04-06,cardano,311743.0,57.606,211.702,0.8870799999999992,500.0,123.0,793.8571428571429,369324.0,7.0,709600.0,218170.2,1400.3333333333333,11840.0,10.0,1.2553540468215942
2021-04-07,cardano,313438.0,162.056,443.91,0.9278799999999994,500.0,130.14285714285714,828.0,371680.0,7.0,712800.0,218283.9,1324.8,11840.0,10.0,1.1751489639282227
2021-04-08,cardano,315015.0,162.436,444.438,0.9264399999999997,500.0,131.85714285714286,834.5714285714286,374339.0,7.0,523166.6666666667,180310.16666666666,1283.0,9216.666666666666,6.0,1.2194360494613647
2021-04-09,cardano,316470.0,162.896,443.672,0.9246799999999996,500.0,124.125,783.0,377278.0,8.0,523166.6666666667,180310.16666666666,1283.0,9216.666666666666,6.0,1.2035399675369263
2021-04-10,cardano,317923.0,162.846,447.438,0.9265399999999997,500.0,128.75,803.625,380247.0,8.0,673600.0,217293.7,1448.375,12130.0,10.0,1.2187579870224
2021-04-11,cardano,319654.0,59.094,217.572,0.8798400000000007,500.0,131.625,812.5,383656.0,8.0,615500.0,209863.6,1466.5,11270.0,10.0,1.2667349576950073
2021-04-12,cardano,321539.0,164.24048096192385,454.37274549098197,0.9264128256513017,499.0,133.125,819.5,387332.0,8.0,712500.0,221204.625,1388.0,12362.5,8.0,1.3161269426345825
2021-04-13,cardano,323561.0,161.64128256513027,450.685370741483,0.9243687374749523,499.0,134.0,825.0,390957.0,8.0,716500.0,221268.5,1227.6666666666667,12362.5,8.0,1.4117859601974487
2021-04-14,cardano,326106.0,161.81763527054107,452.37474949899797,0.9266733466933863,499.0,134.375,829.75,394909.0,8.0,651100.0,211348.4,1455.4,11410.0,10.0,1.4554200172424316
2021-04-15,cardano,328455.0,162.61723446893788,452.90981963927857,0.9292384769539077,499.0,135.625,832.375,398671.625,8.0,679444.4444444445,217461.22222222222,1487.5714285714287,11933.333333333334,9.0,1.4815880060195923
2021-04-16,cardano,331485.0,59.21529175050302,221.07243460764587,0.8922132796780681,497.0,125.66666666666667,784.5555555555555,402901.0,9.0,715000.0,230090.8,1487.5714285714287,13380.0,5.0,1.4169490337371826
2021-04-17,cardano,334473.0,162.3426853707415,450.1663326653307,0.9289178356713419,499.0,127.33333333333333,797.5555555555555,406444.0,9.0,582800.0,193422.8,1379.0,8780.0,10.0,1.3848689794540405
2021-04-18,cardano,337298.0,162.30260521042084,451.0440881763527,0.9276953907815628,499.0,128.11111111111111,802.4444444444445,410910.77777777775,9.0,464340.0,183555.2,1393.3333333333333,8877.777777777777,10.0,1.275501012802124
2021-04-19,cardano,340316.0,164.03607214428857,466.1763527054108,0.9300801603206447,499.0,128.88888888888889,806.0,414816.0,9.0,467950.0,185429.5,1422.2,8877.777777777777,10.0,1.1979589462280273
2021-04-20,cardano,342986.0,163.78356713426854,462.12825651302603,0.9303607214428852,499.0,130.55555555555554,808.7777777777778,419178.0,9.0,487780.0,174142.1,1178.25,8377.777777777777,10.0,1.2659339904785156
2021-04-21,cardano,345617.0,164.4068136272545,469.6392785571142,0.9315030060120271,499.0,129.88888888888889,810.6666666666666,423371.0,9.0,475857.14285714284,187086.0,1574.2,9228.57142857143,7.0,1.2067350149154663
2021-04-22,cardano,347852.0,164.6573146292585,474.2324649298597,0.9314028056112219,499.0,130.22222222222223,811.2222222222222,426507.8888888889,9.0,541200.0,194804.6,1199.0,10720.0,5.0,1.147017002105713
2021-04-23,cardano,349806.0,166.0180360721443,480.0260521042084,0.9333867735470938,499.0,131.11111111111111,811.6666666666666,429206.0,9.0,523166.6666666667,180310.16666666666,1283.0,9216.666666666666,6.0,1.155701994895935
2021-04-24,cardano,351693.0,163.0,483.82765531062125,0.9345090180360718,499.0,131.22222222222223,812.7777777777778,431806.0,9.0,405560.0,176991.5,1363.0,9066.666666666666,10.0,1.101354956626892
2021-04-25,cardano,353516.0,162.42084168336675,489.6292585170341,0.934669338677358,499.0,131.33333333333334,813.0,434635.0,9.0,460280.0,174029.5,1136.5,8377.777777777777,10.0,1.0882500410079956
2021-04-26,cardano,355466.0,161.43887775551102,493.7054108216433,0.935991983967935,499.0,113.22222222222223,685.1111111111111,437818.0,9.0,470200.0,177024.1,1490.3333333333333,8760.0,10.0,1.2340190410614014
2021-04-27,cardano,357501.0,162.34468937875752,506.0280561122245,0.9368737474949893,499.0,119.125,709.25,441750.0,8.0,548222.2222222222,171280.88888888888,1249.3333333333333,8500.0,9.0,1.306926965713501
2021-04-28,cardano,359574.0,158.85771543086173,496.6452905811623,0.9335871743486972,499.0,119.625,713.5,445950.0,8.0,523166.6666666667,180310.16666666666,1283.0,9216.666666666666,6.0,1.3356659412384033
2021-03-09,ripple,273882.0,84.052,79.268,0.8783199999999997,500.0,266.3,1119.0,1247467.0,10.0,201620.0,164221.6,1814.0,218.5,10.0,0.48598799109458923
2021-03-10,ripple,274084.0,83.346,78.872,0.8768000000000001,500.0,284.4,1148.7,1250702.0,10.0,232866.66666666666,196145.0,2088.3333333333335,222.0,6.0,0.4631659984588623
2021-03-11,ripple,274243.0,83.584,79.638,0.8778999999999995,500.0,274.5,1146.3,1253877.0,10.0,246630.0,166248.7,1879.111111111111,146.4,10.0,0.4529600143432617
2021-03-12,ripple,274441.0,83.654,80.15,0.8782,500.0,307.0,1222.3,1256397.0,10.0,253480.0,170433.9,1572.4,148.2,10.0,0.44113099575042725
2021-03-13,ripple,274643.0,83.916,80.578,0.8790999999999994,500.0,275.4,1165.3,1259465.3,10.0,268271.4285714286,189622.42857142858,1860.2857142857142,195.57142857142858,8.0,0.45992401242256165
2021-03-14,ripple,274846.0,83.816,80.868,0.8764999999999997,500.0,309.9,1315.5,1263846.0,10.0,229244.44444444444,161305.44444444444,1634.888888888889,160.66666666666666,9.0,0.442111998796463
2021-03-15,ripple,275056.0,83.904,81.164,0.8822399999999994,500.0,269.3,1161.7,1267046.0,10.0,262480.0,175859.2,1746.4,226.4,5.0,0.4375549852848053
2021-03-16,ripple,275297.0,83.716,81.498,0.8841799999999995,500.0,294.2,1244.2,1269803.0,10.0,378593.3333333333,1391253.4,693.2857142857143,22890.0,10.0,0.4625999927520752
2021-03-17,ripple,275617.0,83.294,81.944,0.882199999999999,500.0,226.5,1017.5,1272926.0,10.0,378593.3333333333,1391253.4,693.2857142857143,22890.0,10.0,0.4724169969558716
2021-03-18,ripple,275794.0,84.182,82.436,0.8845799999999999,500.0,182.2,860.2,1276179.0,10.0,233800.0,139263.6,1503.4444444444443,6180.0,10.0,0.4729189872741699
2021-03-19,ripple,275951.0,82.874,82.14,0.8835599999999992,500.0,138.3,786.7,1278538.0,10.0,307000.0,153215.14285714287,985.7142857142857,4685.714285714285,7.0,0.47117099165916443
2021-03-20,ripple,276233.0,83.014,83.144,0.8861599999999992,500.0,194.7,969.7,1281717.0,10.0,275740.0,141273.6,1186.8,5420.0,10.0,0.5269910097122192
2021-03-21,ripple,276493.0,83.248,84.29,0.8878200000000005,500.0,221.4,1066.0,1285254.7,10.0,372800.0,161119.875,861.75,4362.5,8.0,0.5198349952697754
2021-03-22,ripple,276851.0,83.31,84.48,0.8858800000000006,500.0,215.0,1003.8,1288872.0,10.0,311640.0,157051.1,1006.6666666666666,5610.0,10.0,0.5499420166015625
2021-03-23,ripple,277094.0,83.246,84.172,0.8871199999999995,500.0,222.3,1016.7,1291615.0,10.0,311760.0,160355.2,1193.2,5540.0,10.0,0.5565950274467468
2021-03-24,ripple,277550.0,82.918,84.8,0.8861400000000003,500.0,266.6,1142.1,1295364.0,10.0,322037.5,168323.5,1185.6,5500.0,8.0,0.48883700370788574
2021-03-25,ripple,277739.0,83.14,85.156,0.8860600000000006,500.0,280.4,1127.7,1297796.9,10.0,312080.0,158976.2,1072.0,5480.0,10.0,0.5174980163574219
2021-03-26,ripple,277922.0,83.078,85.188,0.8867599999999994,500.0,207.5,870.1,1300287.0,10.0,312280.0,148414.9,1147.9,4920.0,10.0,0.5670549869537354
2021-03-27,ripple,278060.0,83.126,85.17,0.8847999999999991,500.0,227.6,952.7,1302996.0,10.0,340100.0,157017.77777777778,979.5,4260.0,10.0,0.5504429936408997
2021-03-28,ripple,278241.0,82.4,85.24,0.8827599999999997,500.0,230.4,1001.3,1305882.0,10.0,353900.0,164457.8,1057.4444444444443,4370.0,10.0,0.5507559776306152
2021-03-29,ripple,278382.0,82.44,85.734,0.8851599999999996,500.0,225.0,997.9,1304762.0,10.0,313520.0,143036.3,1204.8,5050.0,10.0,0.5678709745407104
2021-03-30,ripple,278577.0,82.056,86.316,0.8862999999999998,500.0,225.7,1006.6,1305796.0,10.0,340700.0,171544.66666666666,1333.5,4700.0,6.0,0.5668590068817139
2021-03-31,ripple,278748.0,82.002,86.788,0.8856999999999998,500.0,311.0,1306.3,1308543.0,10.0,272840.0,142587.5,1092.625,5360.0,10.0,0.573868989944458
2021-04-01,ripple,279017.0,81.972,86.9,0.8850799999999992,500.0,318.0,1326.0,1311725.0,10.0,354380.0,144952.4,945.5,4150.0,10.0,0.5792919993400574
2021-04-02,ripple,279226.0,81.582,86.634,0.8844199999999994,500.0,339.4,1415.9,1315182.9,10.0,374700.0,153453.9,984.4,4320.0,10.0,0.6165689826011658
2021-04-03,ripple,279439.0,81.648,86.938,0.8853799999999994,500.0,355.3,1474.7,1319148.0,10.0,354470.0,136247.9,985.6,4270.0,10.0,0.5909150242805481
2021-04-04,ripple,279603.0,81.75,87.154,0.8859199999999996,500.0,359.5,1494.2,1322504.0,10.0,354500.0,139700.1,1193.875,4330.0,10.0,0.6467289924621582
2021-04-05,ripple,280232.0,55.81563126252505,71.65931863727455,0.8693386773547089,499.0,418.3,1668.1,1329548.8,10.0,408566.6666666667,158153.83333333334,366.0,3483.3333333333335,6.0,0.9204729795455933
2021-04-06,ripple,281280.0,56.52705410821643,71.54308617234469,0.8677354709418831,499.0,516.1,1994.4,1340442.0,10.0,426412.5,478725.77777777775,1066.7777777777778,7655.555555555556,9.0,1.0962660312652588
2021-04-07,ripple,281845.0,81.45,90.368,0.8864399999999996,500.0,503.2,1996.8,1346822.0,10.0,465810.0,157926.7,800.625,3290.0,10.0,0.917576014995575
2021-04-08,ripple,282280.0,81.396,90.998,0.8876999999999993,500.0,538.4,2175.7,1351740.0,10.0,378593.3333333333,1391253.4,693.2857142857143,22890.0,10.0,1.0527559518814087
2021-04-09,ripple,282687.0,80.624,92.522,0.8892399999999991,500.0,504.7,2077.3,1356356.0,10.0,378593.3333333333,1391253.4,693.2857142857143,22890.0,10.0,1.0208369493484497
2021-04-10,ripple,283525.0,53.78156312625251,74.14228456913828,0.8670941883767534,499.0,508.6,2134.4,1363460.0,10.0,464988.8888888889,1191538.6,1935.4444444444443,15120.0,10.0,1.3744159936904907
2021-04-11,ripple,284594.0,53.61723446893787,75.63326653306613,0.861262525050101,499.0,561.1,2311.3,1371731.6,10.0,499455.55555555556,1272029.9,1907.9,17120.0,10.0,1.3605300188064575
2021-04-12,ripple,285273.0,78.174,96.734,0.8841399999999994,500.0,528.1,2137.2,1379207.5,10.0,500822.22222222225,1269707.5,644.0,17370.0,10.0,1.4677350521087646
2021-04-13,ripple,286571.0,52.99599198396793,76.31062124248497,0.8530260521042082,499.0,522.6,2109.7,1389828.7,10.0,502433.3333333333,1281318.5,2082.222222222222,17810.0,10.0,1.7940009832382202
2021-04-14,ripple,287746.0,74.616,97.702,0.8635799999999999,500.0,487.5,1947.2,1400985.1,10.0,453544.44444444444,1299116.0,2249.5,18540.0,10.0,1.8392360210418701
2021-04-15,ripple,288627.0,74.122,99.476,0.8650399999999996,500.0,668.4,2600.1,1411947.8,10.0,561750.0,2585660.8333333335,4168.0,32650.0,6.0,1.7660670280456543
2021-04-16,ripple,289567.0,53.88577154308617,80.66533066132264,0.849819639278557,499.0,536.5,2206.6,1425918.0,10.0,379676.1666666667,1814860.5714285714,1442.0,25433.0,7.0,1.55752694606781
2021-04-17,ripple,290337.0,74.44,101.234,0.8720399999999999,500.0,552.5,2289.2,1435473.8,10.0,445264.75,2465491.4,5191.666666666667,34426.6,5.0,1.5600550174713135
2021-04-18,ripple,291204.0,54.300601202404806,80.70941883767534,0.8509819639278563,499.0,536.8,2280.8,1446481.0,10.0,320640.22222222225,1365555.7,2497.7,19183.7,10.0,1.4059979915618896
2021-04-19,ripple,292063.0,74.508,102.18,0.8745400000000012,500.0,552.0,2337.2,1455997.0,10.0,360529.22222222225,1366456.3,2612.0,20174.0,10.0,1.3150440454483032
2021-04-20,ripple,292798.0,74.296,103.436,0.8770199999999996,500.0,563.8,2387.3,1466290.0,10.0,361685.1111111111,1369221.4,2629.8,20294.0,10.0,1.3832989931106567
2021-04-21,ripple,293448.0,72.952,105.476,0.8782000000000016,500.0,492.5,2070.7,1475327.0,10.0,371073.8,2145116.8333333335,1069.0,30740.833333333332,6.0,1.2964979410171509
2021-04-22,ripple,294045.0,54.116,86.858,0.8590799999999997,500.0,355.6,1499.3,1483041.0,10.0,372295.0,2163956.8333333335,6135.666666666667,30958.333333333332,6.0,1.159682035446167
2021-04-23,ripple,294575.0,54.686,87.69,0.8597599999999994,500.0,372.3,1557.5,1489622.0,10.0,378593.3333333333,1391253.4,693.2857142857143,22890.0,10.0,1.169659972190857
2021-04-24,ripple,295092.0,73.646,108.344,0.8822799999999993,500.0,369.9,1581.9,1495878.5,10.0,237410.5,1893986.7142857143,3960.5,28936.0,7.0,1.0487060546875
2021-04-25,ripple,295585.0,73.588,109.152,0.8823000000000013,500.0,385.9,1646.0,1502010.0,10.0,320582.22222222225,1405909.8,3275.125,21155.5,10.0,1.032256007194519
2021-04-26,ripple,296102.0,54.318,87.67,0.8568999999999994,500.0,325.8,1466.2,1507858.0,10.0,321210.44444444444,1418281.8,2439.5714285714284,21396.0,10.0,1.3685059547424316
2021-04-27,ripple,296739.0,73.444,109.996,0.8827599999999993,500.0,342.4,1495.7,1514118.0,10.0,376167.77777777775,1383798.2,2800.375,21950.0,10.0,1.4009549617767334
2021-04-28,ripple,297234.0,73.036,110.758,0.8820399999999995,500.0,417.5,1743.4,1521632.0,10.0,378593.3333333333,1391253.4,693.2857142857143,22890.0,10.0,1.3586009740829468
2021-03-09,algorand,8435.0,8.666,18.722,0.8864999999999997,500.0,54.6,219.3,64510.0,10.0,50222.0,27270.8,360.44444444444446,21.6,10.0,1.1806180477142334
2021-03-10,algorand,8541.0,8.696,19.03,0.88506,500.0,58.9,226.9,64976.0,10.0,50321.0,27423.7,344.6666666666667,22.0,10.0,1.1099950075149536
2021-03-11,algorand,8629.0,8.75,18.97,0.8827399999999997,500.0,54.6,220.2,65466.0,10.0,55513.0,27535.4,388.4,22.4,10.0,1.0828969478607178
2021-03-12,algorand,8714.0,8.736,19.142,0.88308,500.0,43.0,202.8,66024.0,10.0,49246.25,26136.5,397.3,22.4,10.0,1.0521049499511719
2021-03-13,algorand,8866.0,9.108,19.828,0.8836799999999995,500.0,40.2,209.0,66616.0,10.0,60602.0,27498.4,417.22222222222223,22.6,10.0,1.1396410465240479
2021-03-14,algorand,9017.0,9.202,19.89,0.8825000000000006,500.0,42.3,224.3,67282.0,10.0,59738.0,26105.3,395.0,22.0,10.0,1.1303900480270386
2021-03-15,algorand,9228.0,9.664,21.152,0.88688,500.0,38.3,213.0,68418.0,10.0,143359.0,25893.1,411.3,23.3,10.0,1.196815013885498
2021-03-16,algorand,9368.0,9.897795591182364,21.61122244488978,0.8771342685370752,499.0,33.3,182.1,69190.0,10.0,24608.333333333332,11371.833333333334,155.6,518.5,6.0,1.2005640268325806
2021-03-17,algorand,9513.0,10.130260521042084,22.034068136272545,0.8807014028056108,499.0,40.2,193.1,69191.0,10.0,24608.333333333332,11371.833333333334,155.6,518.5,6.0,1.2950409650802612
2021-03-18,algorand,9676.0,10.482965931863728,22.35671342685371,0.884569138276553,499.0,45.5,210.8,69837.0,10.0,136422.0,30609.2,356.6666666666667,1310.4,10.0,1.262334942817688
2021-03-19,algorand,9814.0,10.607214428857715,22.34869739478958,0.8817635270541081,499.0,45.2,209.9,70159.0,10.0,136631.0,31605.3,421.0,1343.5,10.0,1.253208041191101
2021-03-20,algorand,9955.0,10.817635270541082,22.691382765531063,0.8832665330661319,499.0,44.7,216.8,70661.0,10.0,138236.0,32648.8,414.22222222222223,1396.5,10.0,1.2068300247192383
2021-03-21,algorand,10075.0,11.032064128256513,22.973947895791582,0.8819238476953909,499.0,47.5,228.0,71173.0,10.0,189265.7142857143,44261.71428571428,563.5,1810.0,7.0,1.1817710399627686
2021-03-22,algorand,10199.0,11.450901803607215,23.34869739478958,0.8853306613226458,499.0,46.0,217.9,71552.6,10.0,186287.14285714287,41147.42857142857,543.75,1709.4285714285713,7.0,1.1085400581359863
2021-03-23,algorand,10327.0,11.697394789579159,23.66733466933868,0.8828056112224457,499.0,43.7,200.1,71954.0,10.0,136677.0,31608.1,387.6,1362.0,10.0,1.113124966621399
2021-03-24,algorand,10489.0,11.91182364729459,24.509018036072145,0.885671342685372,499.0,59.7,251.0,72474.0,10.0,128356.0,25063.5,163.2,1067.5,10.0,1.0334609746932983
2021-03-25,algorand,10593.0,12.03807615230461,24.85370741482966,0.8859318637274556,499.0,57.0,251.0,72931.0,10.0,128828.0,24784.2,403.25,1076.2,10.0,1.045246958732605
2021-03-26,algorand,10663.0,12.200400801603207,25.11623246492986,0.8853106212424847,499.0,67.0,282.0,73450.0,10.0,132182.0,23792.1,335.55555555555554,1039.5,10.0,1.1178079843521118
2021-03-27,algorand,10752.0,12.414829659318638,25.50300601202405,0.8871743486973941,499.0,75.2,303.9,73971.0,10.0,131793.33333333334,23156.666666666668,308.9,1040.0,10.0,1.1595929861068726
2021-03-28,algorand,10872.0,12.470468431771893,25.778004073319757,0.8850712830957239,491.0,57.8,265.3,74451.0,10.0,132398.0,24097.2,311.1,1050.5,10.0,1.2367429733276367
2021-03-29,algorand,11005.0,12.562118126272912,26.116089613034625,0.8884928716904272,491.0,60.9,270.2,74321.0,10.0,128928.0,23929.6,312.9,1032.5,10.0,1.4010679721832275
2021-03-30,algorand,11181.0,12.912423625254583,26.91446028513238,0.8892464358452137,491.0,60.9,273.5,74640.0,10.0,129119.0,24241.3,207.6,1046.1,10.0,1.3260949850082397
2021-03-31,algorand,11326.0,13.059183673469388,27.69795918367347,0.8911020408163262,490.0,80.9,366.0,75228.0,10.0,117571.0,22020.5,160.14285714285714,936.1,10.0,1.369683027267456
2021-04-01,algorand,11456.0,13.253061224489796,28.051020408163264,0.8923265306122445,490.0,70.6,316.3,75691.8,10.0,118245.0,22084.5,306.2,963.6,10.0,1.3261090517044067
2021-04-02,algorand,11559.0,13.36530612244898,28.255102040816325,0.8904693877551018,490.0,72.0,323.7,76162.0,10.0,119868.0,22398.2,296.8,957.1,10.0,1.3612699508666992
2021-04-03,algorand,11731.0,13.655102040816326,28.83469387755102,0.8913673469387752,490.0,40.0,196.8,76732.0,10.0,121010.0,22690.0,298.2,962.7,10.0,1.2695469856262207
2021-04-04,algorand,11887.0,13.805725971370142,29.267893660531698,0.8927607361963189,489.0,45.8,219.2,77191.0,10.0,186400.0,33449.833333333336,480.2,1368.5,6.0,1.3149319887161255
2021-04-05,algorand,12022.0,13.805725971370142,29.687116564417177,0.8977505112474434,489.0,52.5,243.9,77631.0,10.0,121356.0,23246.9,135.16666666666666,979.9,10.0,1.4050110578536987
2021-04-06,algorand,12148.0,13.838445807770961,30.394683026584868,0.8968302658486705,489.0,71.5,302.8,78117.0,10.0,121525.0,23478.3,440.6,983.0,10.0,1.4008500576019287
2021-04-07,algorand,12247.0,14.18200408997955,30.627811860940696,0.8999182004089978,489.0,68.4,288.2,78497.0,10.0,121620.0,23675.5,344.2857142857143,984.2,10.0,1.3038699626922607
2021-04-08,algorand,12355.0,14.431492842535787,31.03271983640082,0.900756646216769,489.0,64.0,254.5,78941.0,10.0,24608.333333333332,11371.833333333334,155.6,518.5,6.0,1.3491289615631104
2021-04-09,algorand,12480.0,14.662576687116564,31.515337423312882,0.9000408997955007,489.0,46.9,200.8,79399.0,10.0,24608.333333333332,11371.833333333334,155.6,518.5,6.0,1.3942450284957886
2021-04-10,algorand,12575.0,14.815950920245399,32.24744376278119,0.9026584867075664,489.0,52.0,234.5,79787.0,10.0,120093.0,24148.2,393.1666666666667,994.0,10.0,1.3934069871902466
2021-04-11,algorand,12697.0,15.008146639511201,32.57026476578412,0.9015274949083512,491.0,56.9,251.4,80253.0,10.0,118948.0,23878.0,284.5,965.8,10.0,1.5204880237579346
2021-04-12,algorand,12879.0,15.279022403258656,33.04073319755601,0.9056619144602849,491.0,74.7,327.2,80681.0,10.0,119020.0,24029.7,142.75,966.2,10.0,1.4823789596557617
2021-04-13,algorand,13016.0,15.45213849287169,33.61507128309572,0.901873727087577,491.0,76.2,330.0,81051.0,10.0,119175.0,24173.1,657.0,967.3,10.0,1.5152360200881958
2021-04-14,algorand,13139.0,15.692464358452138,34.12627291242362,0.9057637474541751,491.0,51.2,224.7,81384.0,10.0,119200.0,24389.9,286.8,973.5,10.0,1.4661200046539307
2021-04-15,algorand,13293.0,16.016227180527384,34.74239350912779,0.9065111561866123,493.0,43.2,199.3,81790.0,10.0,191283.33333333334,36410.333333333336,828.5,1391.1666666666667,6.0,1.5743780136108398
2021-04-16,algorand,13495.0,16.397565922920894,35.377281947261665,0.9133671399594323,493.0,54.5,229.0,82178.0,10.0,17802.0,8257.1,69.5,415.6,10.0,1.5098190307617188
2021-04-17,algorand,13818.0,16.923232323232323,35.61212121212121,0.9107878787878788,495.0,66.8,265.9,82766.0,10.0,18119.0,8393.4,138.5,418.2,10.0,1.6978540420532227
2021-04-18,algorand,14240.0,17.66733870967742,36.41129032258065,0.9097177419354855,496.0,70.2,280.7,83188.5,10.0,18192.0,8169.0,131.55555555555554,384.2,10.0,1.4540380239486694
2021-04-19,algorand,14444.0,18.116935483870968,36.96774193548387,0.9112500000000014,496.0,70.8,267.0,83612.0,10.0,18437.0,8160.6,105.4,363.9,10.0,1.2934010028839111
2021-04-20,algorand,14684.0,18.47887323943662,37.454728370221325,0.9109859154929575,497.0,67.3,264.7,83975.0,10.0,20894.0,8750.7,108.7,416.5,10.0,1.291139006614685
2021-04-21,algorand,14938.0,18.690140845070424,38.47283702213279,0.9153118712273649,497.0,43.5,180.2,84355.0,10.0,21080.0,8933.3,151.0,425.6,10.0,1.2128080129623413
2021-04-22,algorand,15188.0,18.788732394366196,38.82897384305835,0.918551307847082,497.0,64.3,248.6,84657.0,10.0,25833.333333333332,11000.333333333334,151.0,546.8333333333334,6.0,1.163849949836731
2021-04-23,algorand,15428.0,18.835010060362173,39.00603621730382,0.9192354124748489,497.0,72.4,272.0,84944.0,10.0,24608.333333333332,11371.833333333334,155.6,518.5,6.0,1.1640390157699585
2021-04-24,algorand,15645.0,18.96579476861167,39.47283702213279,0.9186317907444662,497.0,72.9,273.7,85309.0,10.0,20475.0,9298.9,88.0,429.0,10.0,1.0881669521331787
2021-04-25,algorand,15832.0,19.040241448692154,39.70623742454728,0.922334004024146,497.0,77.3,295.8,85663.0,10.0,22504.444444444445,9744.666666666666,93.33333333333333,459.22222222222223,9.0,1.094038963317871
2021-04-26,algorand,16007.0,19.28370221327968,39.93158953722334,0.917645875251509,497.0,59.6,271.2,86028.0,10.0,21198.571428571428,10619.285714285714,133.8,481.2857142857143,7.0,1.2379560470581055
2021-04-27,algorand,16195.0,19.535211267605632,41.08249496981891,0.9177062374245466,497.0,56.7,256.3,86500.0,10.0,20290.0,9686.888888888889,126.5,426.22222222222223,9.0,1.3090460300445557
2021-04-28,algorand,16335.0,19.79678068410463,41.35010060362173,0.9181086519114687,497.0,58.8,261.4,86907.0,10.0,24608.333333333332,11371.833333333334,155.6,518.5,6.0,1.288059949874878
2021-03-09,dogecoin,1207316.0,898.582,4808.914,0.9718600000000002,500.0,782.5714285714286,6406.714285714285,647381.0,7.0,2337522.0,479197.3,3248.3333333333335,582.7,10.0,0.05799800157546997
2021-03-10,dogecoin,1209302.0,900.322,4794.94,0.9722799999999997,500.0,783.4285714285714,6409.857142857143,649014.0,7.0,3308233.3333333335,641351.1666666666,4158.0,786.5,6.0,0.05600399896502495
2021-03-11,dogecoin,1210981.0,902.0541082164328,4772.0040080160325,0.9724448897795591,499.0,783.5714285714286,6406.857142857143,650690.0,7.0,2211415.0,450709.0,2773.6666666666665,547.8,10.0,0.055918000638484955
2021-03-12,dogecoin,1212170.0,904.7074148296593,4781.36873747495,0.9720240480961938,499.0,783.7142857142857,6406.428571428572,651829.0,7.0,2385633.3333333335,472062.55555555556,3136.7,592.4,10.0,0.05534899979829788
2021-03-13,dogecoin,1213449.0,906.8957915831663,4790.394789579158,0.9724248496994026,499.0,785.0,6405.0,653740.0,7.0,2385633.3333333335,472062.55555555556,3136.7,592.4,1.0,0.062431998550891876
2021-03-14,dogecoin,1215718.0,912.5301204819277,4789.429718875502,0.9722088353413654,498.0,785.7142857142857,6404.714285714285,657321.0,7.0,2385633.3333333335,472062.55555555556,3136.7,592.4,1.0,0.05859199911355972
2021-03-15,dogecoin,1217045.0,914.6325301204819,4787.755020080322,0.9719879518072326,498.0,785.8571428571429,6405.0,659611.4285714285,7.0,3449566.6666666665,658310.8333333334,3545.8333333333335,781.0,6.0,0.05708799883723259
2021-03-16,dogecoin,1218378.0,912.6807228915662,4734.096385542169,0.9721887550200804,498.0,785.7142857142857,6403.571428571428,661810.0,7.0,1806033.3333333333,389784.77777777775,1453.6,17088.88888888889,9.0,0.05860700085759163
2021-03-17,dogecoin,1219764.0,917.0764587525151,4734.955734406439,0.9721730382293763,497.0,783.8571428571429,6397.714285714285,663729.0,7.0,1806033.3333333333,389784.77777777775,1453.6,17088.88888888889,9.0,0.057652998715639114
2021-03-18,dogecoin,1220930.0,918.5070422535211,4740.967806841047,0.9726961770623742,497.0,783.8571428571429,6394.714285714285,666090.0,7.0,1967817.0,398372.5,2000.1,18650.0,10.0,0.05738300085067749
2021-03-19,dogecoin,1221692.0,919.7887323943662,4723.682092555332,0.9722132796780683,497.0,783.8571428571429,6391.857142857143,668172.0,7.0,2088986.0,415238.5,835.875,20820.1,10.0,0.05832799896597862
2021-03-20,dogecoin,1222443.0,921.7625754527163,4725.313883299798,0.9722736418511064,497.0,782.4285714285714,6392.571428571428,670066.8571428572,7.0,607285.0,195891.4,886.6,7890.2,10.0,0.05896100029349327
2021-03-21,dogecoin,1223020.0,918.4558232931727,4696.158634538153,0.9717670682730961,498.0,782.4285714285714,6392.142857142857,671932.0,7.0,558181.1111111111,196931.7,840.1,7910.2,10.0,0.05723400041460991
2021-03-22,dogecoin,1223673.0,919.8674698795181,4682.674698795181,0.9714257028112486,498.0,782.5714285714286,6390.857142857143,673462.2857142857,7.0,819780.0,249244.42857142858,1032.6,12914.285714285714,7.0,0.054962001740932465
2021-03-23,dogecoin,1224262.0,920.6847389558233,4665.915662650603,0.9708634538152606,498.0,1027.8,8386.0,674652.0,5.0,591809.0,210695.5,938.8,10450.0,10.0,0.05355599895119667
2021-03-24,dogecoin,1225026.0,922.5,4659.833333333333,0.9704417670682769,498.0,1028.4,8385.4,676824.0,5.0,481191.0,195445.6,974.3333333333334,8930.0,10.0,0.051702000200748444
2021-03-25,dogecoin,1225627.0,925.3253012048193,4643.146586345381,0.9701405622489955,498.0,1028.6,8386.6,678610.0,5.0,481554.0,169965.7,878.3333333333334,8060.0,10.0,0.051447998732328415
2021-03-26,dogecoin,1226121.0,927.1365461847389,4635.184738955823,0.9702008032128507,498.0,1027.4,8383.2,679881.0,5.0,474375.0,171422.7,783.1,7510.0,10.0,0.05395200103521347
2021-03-27,dogecoin,1226397.0,927.6506024096385,4633.931726907631,0.9697991967871482,498.0,1027.0,8382.6,681314.0,5.0,487647.5,136498.625,908.9,6730.0,10.0,0.0543770007789135
2021-03-28,dogecoin,1226801.0,928.6465863453815,4623.8674698795185,0.9699598393574294,498.0,1026.8,8379.0,682805.0,5.0,533031.0,140879.6,909.8,6740.0,10.0,0.05369799956679344
2021-03-29,dogecoin,1227186.0,928.6365461847389,4603.746987951808,0.9696787148594376,498.0,1025.2,8362.8,682682.0,5.0,500325.0,134164.3,904.4444444444445,5440.0,10.0,0.054051999002695084
2021-03-30,dogecoin,1227593.0,928.4457831325301,4579.21686746988,0.969016064257028,498.0,897.6666666666666,7195.166666666667,683320.0,6.0,661250.0,148253.8,880.5714285714286,5820.0,10.0,0.05389999970793724
2021-03-31,dogecoin,1228063.0,928.2309236947791,4561.70281124498,0.9691365461847388,498.0,947.0,7492.0,684703.0,6.0,661534.0,151089.1,781.6666666666666,5850.0,10.0,0.05365699902176857
2021-04-01,dogecoin,1229191.0,930.656626506024,4539.732931726908,0.9686546184738953,498.0,954.8333333333334,7531.333333333333,688178.0,6.0,480527.0,113787.4,913.5555555555555,4500.0,10.0,0.06198599934577942
2021-04-02,dogecoin,1230088.0,930.5923694779117,4532.164658634538,0.9687148594377506,498.0,955.5,7547.666666666667,690838.0,6.0,481006.0,114803.7,919.1111111111111,4540.0,10.0,0.05766399949789047
2021-04-03,dogecoin,1230604.0,930.2831325301205,4523.2610441767065,0.9679718875502002,498.0,956.1666666666666,7556.666666666667,692792.0,6.0,632317.0,90224.2,807.8888888888889,3380.0,10.0,0.05580399930477142
2021-04-04,dogecoin,1231054.0,931.1666666666666,4510.35140562249,0.9672891566265054,498.0,957.1666666666666,7564.166666666667,694753.0,6.0,632798.0,93120.5,742.875,3640.0,10.0,0.05740400031208992
2021-04-05,dogecoin,1231510.0,930.2248995983936,4497.463855421687,0.9668072289156618,498.0,958.3333333333334,7569.333333333333,696774.0,6.0,659314.2857142857,132509.2857142857,816.4,5257.142857142857,7.0,0.059696000069379807
2021-04-06,dogecoin,1232316.0,931.1887550200803,4479.634538152611,0.9665261044176698,498.0,959.5,7578.166666666667,699117.0,6.0,488690.0,111109.9,763.625,4790.0,10.0,0.06445799767971039
2021-04-07,dogecoin,1233257.0,931.9016064257028,4465.791164658634,0.9675502008032126,498.0,959.8333333333334,7584.833333333333,701335.0,6.0,481720.0,109689.3,705.7777777777778,4270.0,10.0,0.05902799963951111
2021-04-08,dogecoin,1233675.0,935.710843373494,4464.843373493976,0.9671887550200802,498.0,960.3333333333334,7589.166666666667,702978.0,6.0,1806033.3333333333,389784.77777777775,1453.6,17088.88888888889,9.0,0.06146400049328804
2021-04-09,dogecoin,1234161.0,933.2725450901804,4464.969939879759,0.967655310621242,499.0,960.1666666666666,7595.333333333333,704923.0,6.0,1806033.3333333333,389784.77777777775,1453.6,17088.88888888889,9.0,0.06168400123715401
2021-04-10,dogecoin,1234682.0,933.5210420841684,4433.667334669339,0.9669138276553099,499.0,959.1666666666666,7598.5,706950.0,6.0,214000.0,77393.2,439.8333333333333,3590.0,10.0,0.06384500116109848
2021-04-11,dogecoin,1236967.0,933.428,4365.264,0.9687200000000038,500.0,962.8333333333334,7617.0,711774.0,6.0,224790.0,79968.8,460.75,3075.8,10.0,0.07464899867773056
2021-04-12,dogecoin,1238176.0,935.794,4378.788,0.9686199999999995,500.0,963.5,7621.666666666667,714230.1666666666,6.0,225150.0,83081.1,547.8,3088.6,10.0,0.07076700031757355
2021-04-13,dogecoin,1242028.0,941.298,4370.188,0.9697399999999994,500.0,965.6666666666666,7639.0,718780.0,6.0,197040.0,85219.0,561.6,3820.0,10.0,0.09344500303268433
2021-04-14,dogecoin,1259209.0,963.404,4412.678,0.9709399999999991,500.0,972.3333333333334,7692.0,734028.0,6.0,201600.0,101998.8,676.2222222222222,5160.0,10.0,0.12151700258255005
2021-04-15,dogecoin,1272713.0,992.964,4508.758,0.9713799999999994,500.0,1043.2,8389.0,746698.0,5.0,200020.0,101233.4,755.6666666666666,5030.0,10.0,0.18220700323581696
2021-04-16,dogecoin,1339979.0,276.262,2725.118,0.9648999999999992,500.0,1061.6,8515.0,800598.0,5.0,423160.0,212968.0,1249.0,8140.0,5.0,0.36586999893188477
2021-04-17,dogecoin,1372224.0,1189.518,4739.492,0.9722999999999995,500.0,1069.2,8553.8,820207.8,5.0,1605360.0,201410.8,2540.5,10820.0,10.0,0.28417301177978516
2021-04-18,dogecoin,1396127.0,1224.268,4696.752,0.972400000000003,500.0,1076.0,8587.8,837579.0,5.0,1639490.0,242244.6,2635.8888888888887,12690.0,10.0,0.3204750120639801
2021-04-19,dogecoin,1431177.0,1095.424,2384.026,0.9719400000000029,500.0,1026.8,8154.0,864134.8,5.0,1775855.5555555555,273758.22222222225,2851.777777777778,14300.0,9.0,0.40731799602508545
2021-04-20,dogecoin,1473018.0,136.95983935742973,393.35341365461846,0.9477710843373489,498.0,1334.8,10820.0,905891.0,5.0,1240200.0,305060.375,3512.75,15225.0,8.0,0.31949999928474426
2021-04-21,dogecoin,1494278.0,1436.752,5078.86,0.9730599999999999,500.0,1375.2,11093.0,922407.0,5.0,2033000.0,326941.22222222225,2787.75,15355.555555555555,9.0,0.3069249987602234
2021-04-22,dogecoin,1511922.0,1476.526,5075.246,0.9729599999999998,500.0,1418.6,11224.8,935358.0,5.0,1227820.0,384308.6,2088.5,19860.0,5.0,0.2609669864177704
2021-04-23,dogecoin,1528615.0,1295.078,2277.454,0.9622400000000004,500.0,1442.8,11295.2,946371.4,5.0,1806033.3333333333,389784.77777777775,1453.6,17088.88888888889,9.0,0.2485090047121048
2021-04-24,dogecoin,1539298.0,1526.462,5073.582,0.9720999999999996,500.0,1461.0,11348.2,955551.0,5.0,1872455.5555555555,350159.3333333333,3444.4285714285716,16277.777777777777,9.0,0.27021199464797974
2021-04-25,dogecoin,1547238.0,1542.156,5051.802,0.9713800000000039,500.0,1488.6,11434.0,963469.0,5.0,1908850.0,393136.125,3291.0,17175.0,8.0,0.2511110007762909
2021-04-26,dogecoin,1553144.0,1554.79,5098.53,0.9708999999999995,500.0,1496.4,11471.8,970686.0,5.0,2189033.3333333335,430735.3333333333,5058.5,20066.666666666668,6.0,0.2706739902496338
2021-04-27,dogecoin,1560029.0,1558.274,5114.956,0.9708000000000042,500.0,1500.2,11493.8,977989.0,5.0,1838450.0,365123.8,2757.4444444444443,16430.0,10.0,0.2721880078315735
2021-04-28,dogecoin,1567989.0,1573.796,5104.038,0.9710399999999993,500.0,1502.2,9939.6,991938.0,5.0,1806033.3333333333,389784.77777777775,1453.6,17088.88888888889,9.0,0.3236820101737976
2021-03-07,chainlink,73544.0,9.217479674796747,44.13414634146341,0.9350813008130076,492.0,48.6,245.4,668491.0,10.0,324857.14285714284,69596.42857142857,759.75,4257.142857142857,7.0,28.5482120513916
2021-03-08,chainlink,73544.0,9.217479674796747,44.13414634146341,0.9350813008130076,492.0,48.6,245.4,668491.0,10.0,324857.14285714284,69596.42857142857,759.75,4257.142857142857,7.0,31.69816017150879
2021-03-09,chainlink,73544.0,9.217479674796747,44.13414634146341,0.9350813008130076,492.0,48.6,245.4,668491.0,10.0,324857.14285714284,69596.42857142857,759.75,4257.142857142857,7.0,31.499252319335938
2021-03-10,chainlink,73544.0,9.217479674796747,44.13414634146341,0.9350813008130076,492.0,48.6,245.4,668491.0,10.0,324857.14285714284,69596.42857142857,759.75,4257.142857142857,7.0,29.94671630859375
2021-03-11,chainlink,73544.0,9.217479674796747,44.13414634146341,0.9350813008130076,492.0,48.6,245.4,668491.0,10.0,324857.14285714284,69596.42857142857,759.75,4257.142857142857,7.0,30.07517433166504
2021-03-12,chainlink,73544.0,9.217479674796747,44.13414634146341,0.9350813008130076,492.0,48.6,245.4,668491.0,10.0,324857.14285714284,69596.42857142857,759.75,4257.142857142857,7.0,28.461523056030273
2021-03-13,chainlink,73544.0,9.217479674796747,44.13414634146341,0.9350813008130076,492.0,48.6,245.4,668491.0,10.0,324857.14285714284,69596.42857142857,759.75,4257.142857142857,7.0,29.779226303100586
2021-03-14,chainlink,73544.0,9.217479674796747,44.13414634146341,0.9350813008130076,492.0,48.6,245.4,668491.0,10.0,324857.14285714284,69596.42857142857,759.75,4257.142857142857,7.0,28.789424896240234
2021-03-15,chainlink,73544.0,9.217479674796747,44.13414634146341,0.9350813008130076,492.0,48.6,245.4,668491.0,10.0,324857.14285714284,69596.42857142857,759.75,4257.142857142857,7.0,27.491762161254883
2021-03-16,chainlink,73544.0,9.217479674796747,44.13414634146341,0.9350813008130076,492.0,48.6,245.4,668491.0,10.0,324857.14285714284,69596.42857142857,759.75,4257.142857142857,7.0,27.91741943359375
2021-03-17,chainlink,73544.0,9.217479674796747,44.13414634146341,0.9350813008130076,492.0,48.6,245.4,668491.0,10.0,324857.14285714284,69596.42857142857,759.75,4257.142857142857,7.0,31.0097599029541
2021-03-18,chainlink,73544.0,9.217479674796747,44.13414634146341,0.9350813008130076,492.0,48.6,245.4,668491.0,10.0,324857.14285714284,69596.42857142857,759.75,4257.142857142857,7.0,29.504812240600586
2021-03-19,chainlink,73544.0,9.217479674796747,44.13414634146341,0.9350813008130076,492.0,48.6,245.4,668491.0,10.0,324857.14285714284,69596.42857142857,759.75,4257.142857142857,7.0,29.909875869750977
2021-03-20,chainlink,73544.0,9.217479674796747,44.13414634146341,0.9350813008130076,492.0,48.6,245.4,668491.0,10.0,324857.14285714284,69596.42857142857,759.75,4257.142857142857,7.0,29.676925659179688
2021-03-21,chainlink,73544.0,9.217479674796747,44.13414634146341,0.9350813008130076,492.0,48.6,245.4,668491.0,10.0,324857.14285714284,69596.42857142857,759.75,4257.142857142857,7.0,29.272838592529297
2021-03-22,chainlink,73544.0,9.217479674796747,44.13414634146341,0.9350813008130076,492.0,48.6,245.4,668491.0,10.0,324857.14285714284,69596.42857142857,759.75,4257.142857142857,7.0,27.398113250732422
2021-03-23,chainlink,73544.0,9.217479674796747,44.13414634146341,0.9350813008130076,492.0,48.6,245.4,668491.0,10.0,324857.14285714284,69596.42857142857,759.75,4257.142857142857,7.0,26.915058135986328
2021-03-24,chainlink,73544.0,9.217479674796747,44.13414634146341,0.9350813008130076,492.0,48.6,245.4,668491.0,10.0,324857.14285714284,69596.42857142857,759.75,4257.142857142857,7.0,25.053884506225586
2021-03-25,chainlink,73544.0,9.217479674796747,44.13414634146341,0.9350813008130076,492.0,48.6,245.4,668491.0,10.0,324857.14285714284,69596.42857142857,759.75,4257.142857142857,7.0,25.696287155151367
2021-03-26,chainlink,73544.0,9.217479674796747,44.13414634146341,0.9350813008130076,492.0,48.6,245.4,668491.0,10.0,324857.14285714284,69596.42857142857,759.75,4257.142857142857,7.0,27.401567459106445
2021-03-27,chainlink,45364.0,8.785140562248996,50.899598393574294,0.9348594377510053,498.0,180.7,767.9,203761.0,10.0,245170.0,78043.3,943.8,4450.0,10.0,26.87954330444336
2021-03-28,chainlink,45462.0,8.815261044176706,51.05622489959839,0.9348795180722891,498.0,188.0,813.8,205354.0,10.0,261100.0,78418.1,815.7,4230.0,10.0,26.69699478149414
2021-03-29,chainlink,45565.0,8.845381526104418,51.54216867469879,0.9369076305220886,498.0,184.8,822.5,204504.2,10.0,262000.0,78844.2,777.5555555555555,4250.0,10.0,28.052568435668945
2021-03-30,chainlink,45657.0,8.893574297188755,51.89558232931727,0.9351807228915662,498.0,173.2,784.4,205140.0,10.0,264200.0,79325.0,760.125,4240.0,10.0,27.904048919677734
2021-03-31,chainlink,45757.0,8.89558232931727,52.002008032128515,0.9359638554216865,498.0,151.8,709.4,206632.0,10.0,265410.0,79563.2,1061.888888888889,4560.0,10.0,29.351137161254883
2021-04-01,chainlink,45890.0,8.927565392354124,52.19718309859155,0.9345875251509053,497.0,137.2,628.7,208318.0,10.0,267700.0,79937.4,976.5,4560.0,10.0,30.233219146728516
2021-04-02,chainlink,45993.0,8.963855421686747,52.38353413654618,0.9340763052208833,498.0,169.6,717.9,210344.0,10.0,277200.0,80629.9,1029.7,4590.0,10.0,32.53324890136719
2021-04-03,chainlink,46134.0,9.012048192771084,52.70682730923695,0.9369477911646585,498.0,185.5,775.2,212199.0,10.0,278400.0,80993.0,1025.0,4600.0,10.0,29.534889221191406
2021-04-04,chainlink,46257.0,8.949799196787149,52.81726907630522,0.9341566265060237,498.0,193.9,814.8,213785.0,10.0,279900.0,81252.9,905.5555555555555,4620.0,10.0,30.9572811126709
2021-04-05,chainlink,46393.0,8.941767068273093,53.15261044176707,0.9380722891566264,498.0,213.4,903.2,215811.0,10.0,301333.3333333333,79697.0,987.0,4370.0,10.0,32.39665603637695
2021-04-06,chainlink,46544.0,8.947791164658634,53.636546184738954,0.9388955823293172,498.0,237.5,1000.5,217936.0,10.0,323888.8888888889,80237.0,726.2222222222222,4220.0,10.0,34.79787826538086
2021-04-07,chainlink,46692.0,8.995983935742972,53.769076305220885,0.9371686746987952,498.0,206.1,855.9,219589.0,10.0,370444.44444444444,86693.9,739.8,4410.0,10.0,31.17518424987793
2021-04-08,chainlink,46821.0,9.022044088176353,54.06613226452906,0.9398196392785572,499.0,181.3,732.5,221114.0,10.0,324857.14285714284,69596.42857142857,759.75,4257.142857142857,7.0,32.74489974975586
2021-04-09,chainlink,46926.0,9.08433734939759,54.18273092369478,0.9384538152610441,498.0,182.3,743.6,222569.0,10.0,324857.14285714284,69596.42857142857,759.75,4257.142857142857,7.0,31.63246726989746
2021-04-10,chainlink,47033.0,9.168674698795181,54.3433734939759,0.9359638554216875,498.0,177.9,733.9,223973.0,10.0,300600.0,80346.1,920.8,4360.0,10.0,31.899261474609375
2021-04-11,chainlink,47186.0,9.226452905811623,54.40080160320641,0.9385971943887773,499.0,177.1,726.3,225413.0,10.0,290933.3333333333,70801.1,568.8888888888889,3100.0,10.0,33.91918182373047
2021-04-12,chainlink,47307.0,9.246492985971944,54.38076152304609,0.9378957915831675,499.0,178.2,725.8,226935.0,10.0,339571.4285714286,83910.0,733.8333333333334,4014.285714285714,7.0,33.10542678833008
2021-04-13,chainlink,47452.0,9.531062124248496,54.450901803607216,0.9389779559118233,499.0,176.2,760.8,228617.0,10.0,293222.22222222225,71322.1,604.2,3110.0,10.0,35.456634521484375
2021-04-14,chainlink,47668.0,9.587174348697395,54.74749498997996,0.937695390781563,499.0,187.4,806.9,230422.0,10.0,295766.6666666667,71608.2,604.5,3120.0,10.0,41.423709869384766
2021-04-15,chainlink,48044.0,9.783567134268537,55.97194388777555,0.94064128256513,499.0,276.6,1046.4,233008.1,10.0,294900.0,74629.4,746.0,3350.0,10.0,42.7531623840332
2021-04-16,chainlink,48321.0,9.909819639278558,56.95591182364729,0.9394388777555125,499.0,272.5,1013.2,235466.0,10.0,296777.77777777775,75265.7,637.7142857142857,3440.0,10.0,42.10155487060547
2021-04-17,chainlink,48592.0,9.965931863727455,57.21643286573146,0.9363927855711416,499.0,277.3,1048.6,237058.0,10.0,493666.6666666667,128711.5,1719.3333333333333,6083.333333333333,6.0,40.372066497802734
2021-04-18,chainlink,48902.0,10.01002004008016,57.675350701402806,0.9403807615230477,499.0,286.0,1080.7,238846.0,10.0,324857.14285714284,69596.42857142857,759.75,4257.142857142857,7.0,39.06591033935547
2021-04-19,chainlink,49168.0,9.993987975951903,57.99799599198397,0.9438877755511019,499.0,160.5,727.6,240660.0,10.0,378888.8888888889,97345.4,1261.9473684210527,4315.1,20.0,35.8793830871582
2021-04-20,chainlink,49355.0,9.957915831663327,58.124248496993985,0.939579158316633,499.0,163.3,732.6,242284.0,10.0,324857.14285714284,69596.42857142857,759.75,4257.142857142857,7.0,38.95063400268555
2021-04-21,chainlink,49596.0,9.967935871743487,58.5751503006012,0.9405210420841689,499.0,160.0,686.2,244184.0,10.0,386666.6666666667,91397.15,1163.2105263157894,3925.1,20.0,36.43635940551758
2021-04-22,chainlink,49784.0,10.004008016032063,58.91382765531062,0.9388577154308614,499.0,188.9,797.8,245602.0,10.0,372100.0,88255.8,1241.0,3960.0,10.0,35.23340606689453
2021-04-23,chainlink,49956.0,10.01002004008016,59.23246492985972,0.9398797595190373,499.0,189.9,808.4,246675.8,10.0,324857.14285714284,69596.42857142857,759.75,4257.142857142857,7.0,35.05847930908203
2021-04-24,chainlink,50122.0,10.022044088176353,59.276553106212425,0.9384368737474957,499.0,213.5,905.1,247949.0,10.0,324300.0,71871.0,791.4444444444445,3840.0,10.0,31.125198364257812
2021-04-25,chainlink,50287.0,10.060120240480963,59.62124248496994,0.9390380761523043,499.0,212.9,915.3,249035.0,10.0,280400.0,61528.9,746.25,3360.0,10.0,31.540620803833008
2021-04-26,chainlink,50440.0,10.008016032064129,59.699398797595194,0.938937875751505,499.0,222.2,941.1,250414.0,10.0,336666.6666666667,75759.16666666667,771.0,4016.6666666666665,6.0,35.135986328125
2021-04-27,chainlink,50594.0,10.094188376753507,59.8937875751503,0.9405210420841691,499.0,217.1,911.7,252096.0,10.0,284600.0,61805.6,799.5714285714286,3430.0,10.0,36.808067321777344
2021-04-28,chainlink,50755.0,10.044088176352705,60.17635270541082,0.9385771543086165,499.0,219.0,961.1,253799.0,10.0,324857.14285714284,69596.42857142857,759.75,4257.142857142857,7.0,36.2208366394043
2021-03-07,monero,245692.0,59.94897959183673,93.73061224489796,0.9137755102040811,490.0,29.4,126.5,460576.0,10.0,240775.0,53535.5,476.22222222222223,3185.1,10.0,208.65786743164062
2021-03-08,monero,245692.0,59.94897959183673,93.73061224489796,0.9137755102040811,490.0,29.4,126.5,460576.0,10.0,240775.0,53535.5,476.22222222222223,3185.1,10.0,221.00718688964844
2021-03-09,monero,245692.0,59.94897959183673,93.73061224489796,0.9137755102040811,490.0,29.4,126.5,460576.0,10.0,240775.0,53535.5,476.22222222222223,3185.1,10.0,225.2548828125
2021-03-10,monero,245692.0,59.94897959183673,93.73061224489796,0.9137755102040811,490.0,29.4,126.5,460576.0,10.0,240775.0,53535.5,476.22222222222223,3185.1,10.0,220.6626434326172
2021-03-11,monero,245692.0,59.94897959183673,93.73061224489796,0.9137755102040811,490.0,29.4,126.5,460576.0,10.0,240775.0,53535.5,476.22222222222223,3185.1,10.0,221.27403259277344
2021-03-12,monero,245692.0,59.94897959183673,93.73061224489796,0.9137755102040811,490.0,29.4,126.5,460576.0,10.0,240775.0,53535.5,476.22222222222223,3185.1,10.0,223.36390686035156
2021-03-13,monero,245692.0,59.94897959183673,93.73061224489796,0.9137755102040811,490.0,29.4,126.5,460576.0,10.0,240775.0,53535.5,476.22222222222223,3185.1,10.0,238.4652557373047
2021-03-14,monero,245692.0,59.94897959183673,93.73061224489796,0.9137755102040811,490.0,29.4,126.5,460576.0,10.0,240775.0,53535.5,476.22222222222223,3185.1,10.0,233.17828369140625
2021-03-15,monero,245692.0,59.94897959183673,93.73061224489796,0.9137755102040811,490.0,29.4,126.5,460576.0,10.0,240775.0,53535.5,476.22222222222223,3185.1,10.0,222.28562927246094
2021-03-16,monero,245692.0,59.94897959183673,93.73061224489796,0.9137755102040811,490.0,29.4,126.5,460576.0,10.0,240775.0,53535.5,476.22222222222223,3185.1,10.0,229.43711853027344
2021-03-17,monero,245692.0,59.94897959183673,93.73061224489796,0.9137755102040811,490.0,29.4,126.5,460576.0,10.0,240775.0,53535.5,476.22222222222223,3185.1,10.0,236.02256774902344
2021-03-18,monero,245692.0,59.94897959183673,93.73061224489796,0.9137755102040811,490.0,29.4,126.5,460576.0,10.0,240775.0,53535.5,476.22222222222223,3185.1,10.0,231.32943725585938
2021-03-19,monero,245692.0,59.94897959183673,93.73061224489796,0.9137755102040811,490.0,29.4,126.5,460576.0,10.0,240775.0,53535.5,476.22222222222223,3185.1,10.0,232.81748962402344
2021-03-20,monero,245692.0,59.94897959183673,93.73061224489796,0.9137755102040811,490.0,29.4,126.5,460576.0,10.0,240775.0,53535.5,476.22222222222223,3185.1,10.0,235.62660217285156
2021-03-21,monero,245692.0,59.94897959183673,93.73061224489796,0.9137755102040811,490.0,29.4,126.5,460576.0,10.0,240775.0,53535.5,476.22222222222223,3185.1,10.0,233.20999145507812
2021-03-22,monero,245692.0,59.94897959183673,93.73061224489796,0.9137755102040811,490.0,29.4,126.5,460576.0,10.0,240775.0,53535.5,476.22222222222223,3185.1,10.0,219.79013061523438
2021-03-23,monero,245692.0,59.94897959183673,93.73061224489796,0.9137755102040811,490.0,29.4,126.5,460576.0,10.0,240775.0,53535.5,476.22222222222223,3185.1,10.0,218.82009887695312
2021-03-24,monero,245692.0,59.94897959183673,93.73061224489796,0.9137755102040811,490.0,29.4,126.5,460576.0,10.0,240775.0,53535.5,476.22222222222223,3185.1,10.0,211.70570373535156
2021-03-25,monero,245692.0,59.94897959183673,93.73061224489796,0.9137755102040811,490.0,29.4,126.5,460576.0,10.0,240775.0,53535.5,476.22222222222223,3185.1,10.0,213.7899169921875
2021-03-26,monero,245692.0,59.94897959183673,93.73061224489796,0.9137755102040811,490.0,29.4,126.5,460576.0,10.0,240775.0,53535.5,476.22222222222223,3185.1,10.0,222.5076141357422
2021-03-27,monero,206373.0,33.76565656565656,89.21414141414141,0.8956565656565655,495.0,35.9,187.0,377367.8,10.0,40351.2,11141.3,202.9,739.5,10.0,224.5085906982422
2021-03-28,monero,206591.0,34.153535353535354,90.04242424242425,0.89450505050505,495.0,38.6,198.6,378072.0,10.0,130733.0,21147.0,359.8,1496.2,10.0,233.97366333007812
2021-03-29,monero,206814.0,34.54343434343434,91.77373737373738,0.8954343434343428,495.0,40.9,208.2,377557.0,10.0,131054.0,23004.5,382.1,1593.1,10.0,234.8050994873047
2021-03-30,monero,207018.0,34.6,93.28888888888889,0.8955757575757574,495.0,42.4,220.6,377552.0,10.0,106650.0,22816.5,381.2,1612.1,10.0,245.47076416015625
2021-03-31,monero,207203.0,35.07070707070707,94.73535353535354,0.8939191919191914,495.0,37.7,194.5,378137.0,10.0,107390.0,23994.4,385.25,1655.0,10.0,246.15054321289062
2021-04-01,monero,207342.0,35.12323232323232,94.66060606060606,0.8929494949494945,495.0,33.8,174.1,378779.0,10.0,100155.0,20950.1,304.0,1316.9,10.0,252.49581909179688
2021-04-02,monero,207502.0,35.36161616161616,94.4969696969697,0.890464646464646,495.0,37.5,183.5,379485.0,10.0,121178.0,24338.2,336.8,1393.0,10.0,260.850830078125
2021-04-03,monero,207683.0,35.57373737373737,94.93131313131313,0.893474747474747,495.0,34.1,171.8,380115.0,10.0,127232.0,24894.9,379.1111111111111,1450.0,10.0,260.88836669921875
2021-04-04,monero,207875.0,35.773737373737376,95.8080808080808,0.8921414141414138,495.0,39.4,193.9,380800.0,10.0,128064.0,25354.2,348.2,1464.1,10.0,261.9903259277344
2021-04-05,monero,208070.0,35.98585858585859,94.64646464646465,0.8921212121212119,495.0,44.7,221.5,381521.0,10.0,238020.0,45861.8,1123.5,2671.2,5.0,263.92266845703125
2021-04-06,monero,208288.0,35.86088709677419,94.68145161290323,0.8918346774193544,496.0,36.3,188.8,382246.0,10.0,201428.57142857142,36537.42857142857,515.0,2385.1428571428573,7.0,271.0430908203125
2021-04-07,monero,208513.0,36.05691056910569,95.5020325203252,0.8937601626016256,492.0,37.0,191.6,382838.0,10.0,140690.0,26838.4,128.0,1487.6,10.0,257.74285888671875
2021-04-08,monero,208703.0,36.598377281947265,97.35699797160244,0.8912778904665309,493.0,41.0,187.4,383406.0,10.0,240775.0,53535.5,476.22222222222223,3185.1,10.0,269.9962463378906
2021-04-09,monero,208885.0,36.99797160243408,99.1683569979716,0.8934888438133868,493.0,43.3,194.9,383917.0,10.0,240775.0,53535.5,476.22222222222223,3185.1,10.0,273.8375549316406
2021-04-10,monero,209075.0,36.84787018255578,99.48073022312373,0.8903042596348879,493.0,44.1,199.5,384391.0,10.0,169694.44444444444,30979.88888888889,404.9,2486.1,10.0,292.8656921386719
2021-04-11,monero,209353.0,36.81947261663286,100.85192697768763,0.8915415821501039,493.0,44.4,200.6,385034.0,10.0,173957.0,42576.1,416.8,2690.0,10.0,327.3172607421875
2021-04-12,monero,209623.0,36.72819472616633,101.4685598377282,0.8905476673427989,493.0,47.0,215.2,385623.0,10.0,174798.0,45000.5,191.0,2791.8,10.0,315.5390625
2021-04-13,monero,209831.0,37.105476673427994,103.0182555780933,0.8893306288032451,493.0,49.0,224.5,386196.0,10.0,184366.66666666666,52679.333333333336,459.57142857142856,3182.222222222222,9.0,327.2176513671875
2021-04-14,monero,210065.0,36.95131845841785,104.35496957403652,0.8928397565922922,493.0,49.2,225.4,386822.0,10.0,172411.0,47456.5,426.4,2923.7,10.0,321.6600646972656
2021-04-15,monero,210310.0,36.96551724137931,105.71399594320486,0.8912373225152127,493.0,58.9,278.0,387616.6,10.0,226614.2857142857,65372.0,606.8,4034.5714285714284,7.0,344.2444763183594
2021-04-16,monero,210548.0,37.046653144016226,106.66937119675457,0.89342799188641,493.0,62.2,298.4,388521.0,10.0,228757.14285714287,66664.14285714286,272.4,4037.0,7.0,341.7403564453125
2021-04-17,monero,210828.0,37.18458417849899,107.55375253549695,0.8928194726166323,493.0,63.5,304.6,389212.0,10.0,266666.6666666667,77199.0,162.0,4702.0,6.0,367.4986267089844
2021-04-18,monero,211116.0,37.26369168356998,109.1237322515213,0.8933062880324554,493.0,66.8,344.3,390081.0,10.0,203500.0,50849.6,466.9,3147.0,10.0,337.78582763671875
2021-04-19,monero,211378.0,37.321862348178136,109.3744939271255,0.8976518218623494,494.0,69.5,362.8,390707.0,10.0,205100.0,51662.1,469.1,3154.3,10.0,355.6329040527344
2021-04-20,monero,211734.0,37.56275303643725,110.62955465587045,0.8967408906882588,494.0,60.4,341.1,391571.7,10.0,244685.7142857143,57745.555555555555,504.1111111111111,3433.0,9.0,401.2078857421875
2021-04-21,monero,212121.0,38.026315789473685,111.40080971659918,0.8960323886639674,494.0,62.1,347.5,392364.0,10.0,222880.0,49035.27272727273,425.7,2873.3636363636365,11.0,379.7809753417969
2021-04-22,monero,212396.0,37.98582995951417,111.36032388663968,0.8970040485829958,494.0,62.1,348.6,392853.0,10.0,230600.0,58864.555555555555,93.75,3471.4444444444443,9.0,348.03997802734375
2021-04-23,monero,212639.0,37.92914979757085,111.6842105263158,0.8968016194331979,494.0,69.0,387.2,393381.0,10.0,240775.0,53535.5,476.22222222222223,3185.1,10.0,354.8834228515625
2021-04-24,monero,212970.0,37.850202429149796,111.70040485829959,0.8948178137651814,494.0,75.1,434.0,394074.0,10.0,240211.11111111112,55249.2,213.0,3146.9,10.0,380.51385498046875
2021-04-25,monero,213257.0,38.06072874493927,111.91295546558705,0.8978340080971655,494.0,75.7,436.7,394707.0,10.0,279800.0,69896.0,67.0,4133.142857142857,7.0,355.37060546875
2021-04-26,monero,213490.0,38.135627530364374,112.1497975708502,0.8990283400809714,494.0,74.2,431.9,395337.0,10.0,281800.0,70937.71428571429,519.5714285714286,4139.285714285715,7.0,402.4095764160156
2021-04-27,monero,213789.0,38.35222672064777,112.81174089068826,0.8975506072874503,494.0,74.6,433.9,395938.0,10.0,206800.0,52934.9,443.375,3079.8,10.0,402.76593017578125
2021-04-28,monero,214032.0,38.41497975708502,112.98380566801619,0.8984412955465596,494.0,75.1,436.4,396533.0,10.0,240775.0,53535.5,476.22222222222223,3185.1,10.0,414.4804992675781
2021-04-01,filecoin,8329.0,9.151020408163266,9.493877551020407,0.8591020408163264,490.0,29.2,139.0,67265.0,10.0,170266.66666666666,25986.0,442.5,1816.2222222222222,10.0,188.17861938476562
2021-04-02,filecoin,8679.0,8.05811623246493,9.182364729458918,0.8638476953907812,499.0,37.1,179.7,68480.5,10.0,192900.0,30454.0,437.7,2255.5555555555557,10.0,171.9756317138672
2021-04-03,filecoin,8878.0,8.382,9.268,0.8573199999999997,500.0,47.8,231.6,69285.0,10.0,193850.0,31844.222222222223,482.25,2311.3333333333335,10.0,178.85218811035156
2021-04-04,filecoin,9023.0,8.784,9.7,0.8591399999999998,500.0,47.7,233.7,69813.0,10.0,193733.33333333334,34438.6,380.0,2325.6666666666665,10.0,183.77664184570312
2021-04-05,filecoin,9115.0,8.91,9.786,0.8518799999999996,500.0,46.3,235.0,70414.0,10.0,206842.85714285713,44052.0,528.6666666666666,2600.0,7.0,176.7781982421875
2021-04-06,filecoin,9199.0,9.164,9.844,0.8537999999999998,500.0,44.7,224.5,70950.0,10.0,272833.3333333333,55373.333333333336,819.4,3400.0,6.0,166.02606201171875
2021-04-07,filecoin,9327.0,9.5,10.084,0.8507999999999998,500.0,20.2,102.4,71424.0,10.0,202544.44444444444,41448.1,549.1,2833.3333333333335,10.0,156.49478149414062
2021-04-08,filecoin,9400.0,9.694,10.258,0.8504799999999996,500.0,18.9,78.6,72011.0,10.0,132020.0,39773.2,605.5,2280.5,10.0,154.59666442871094
2021-04-09,filecoin,9478.0,9.72,10.344,0.8535999999999998,500.0,24.9,102.5,72624.0,10.0,132020.0,39773.2,605.5,2280.5,10.0,172.51986694335938
2021-04-10,filecoin,9564.0,9.782,10.322,0.8505199999999997,500.0,30.8,122.7,73133.9,10.0,193070.0,47161.1,529.2,2790.0,10.0,174.75537109375
2021-04-11,filecoin,9605.0,10.006,10.538,0.8489399999999997,500.0,27.4,111.1,73570.0,10.0,193900.0,47848.6,651.5555555555555,2810.0,10.0,179.18431091308594
2021-04-12,filecoin,9650.0,10.124,10.772,0.8490199999999999,500.0,30.4,120.7,73994.0,10.0,272300.0,65748.83333333333,572.0,3550.0,6.0,168.17828369140625
2021-04-13,filecoin,9708.0,10.372,10.956,0.8495799999999997,500.0,22.7,91.9,74499.0,10.0,196030.0,48596.9,603.7142857142857,2830.0,10.0,163.9652099609375
2021-04-14,filecoin,9764.0,10.414,10.952,0.8447400000000004,500.0,24.0,99.7,74963.0,10.0,197690.0,48940.9,626.7777777777778,2830.0,10.0,168.1937713623047
2021-04-15,filecoin,9827.0,10.554,10.984,0.8405799999999995,500.0,18.2,82.1,75396.0,10.0,198780.0,49112.0,734.2,2830.0,10.0,171.2221221923828
2021-04-16,filecoin,9905.0,10.684,11.346,0.8414999999999999,500.0,20.9,85.9,75960.0,10.0,200470.0,49348.9,614.3333333333334,2830.0,10.0,183.25384521484375
2021-04-17,filecoin,9980.0,10.794,11.408,0.8400199999999998,500.0,21.6,88.1,76309.0,10.0,202100.0,49551.6,581.8571428571429,2840.0,10.0,182.68865966796875
2021-04-18,filecoin,10041.0,10.89,11.628,0.8429199999999997,500.0,15.0,67.0,76691.0,10.0,179030.0,44192.0,610.4444444444445,2377.1,10.0,156.309326171875
2021-04-19,filecoin,10076.0,10.926,11.618,0.8401599999999996,500.0,15.1,66.8,77040.0,10.0,180660.0,44453.9,560.8,2390.1,10.0,154.8578338623047
2021-04-20,filecoin,10136.0,11.008,11.646,0.83928,500.0,10.8,44.4,77360.0,10.0,132020.0,39773.2,605.5,2280.5,10.0,153.70164489746094
2021-04-21,filecoin,10169.0,11.076,11.742,0.8449800000000003,500.0,12.8,51.9,77738.7,10.0,183045.0,44785.4,479.0,2398.75,20.0,148.27786254882812
2021-04-22,filecoin,10207.0,11.188,11.794,0.8425999999999997,500.0,12.9,52.1,77918.0,10.0,185040.0,45070.4,659.875,2416.3,10.0,145.82623291015625
2021-04-23,filecoin,10252.0,11.31,11.776,0.8437,500.0,12.7,55.0,78123.0,10.0,132020.0,39773.2,605.5,2280.5,10.0,138.89479064941406
2021-04-24,filecoin,10302.0,11.41,11.806,0.8419599999999999,500.0,16.9,65.8,78429.0,10.0,287833.3333333333,65419.666666666664,908.75,3583.3333333333335,6.0,133.53948974609375
2021-04-25,filecoin,10338.0,11.498,11.874,0.8388600000000002,500.0,17.4,76.2,78804.0,10.0,189260.0,45516.8,477.3333333333333,2420.2,10.0,133.92662048339844
2021-04-26,filecoin,10374.0,11.56,11.878,0.8431600000000004,500.0,20.5,86.8,79087.0,10.0,200690.0,48168.0,751.7142857142857,2573.7,10.0,154.2904052734375
2021-04-27,filecoin,10415.0,11.626,12.0,0.8458800000000003,500.0,19.3,78.3,79350.0,10.0,203790.0,50278.1,751.125,2686.3,10.0,152.28695678710938
2021-04-28,filecoin,10455.0,11.696,12.074,0.8492799999999996,500.0,16.2,62.3,79661.0,10.0,132020.0,39773.2,605.5,2280.5,10.0,150.94000244140625
2021-03-07,tezos,65907.0,18.792,66.482,0.9385399999999993,500.0,81.6,320.2,237335.0,10.0,54136.0,15341.2,165.625,1129.4,10.0,4.187026023864746
2021-03-08,tezos,65907.0,18.792,66.482,0.9385399999999993,500.0,81.6,320.2,237335.0,10.0,54136.0,15341.2,165.625,1129.4,10.0,4.391723155975342
2021-03-09,tezos,65907.0,18.792,66.482,0.9385399999999993,500.0,81.6,320.2,237335.0,10.0,54136.0,15341.2,165.625,1129.4,10.0,4.466976165771484
2021-03-10,tezos,65907.0,18.792,66.482,0.9385399999999993,500.0,81.6,320.2,237335.0,10.0,54136.0,15341.2,165.625,1129.4,10.0,4.167017936706543
2021-03-11,tezos,65907.0,18.792,66.482,0.9385399999999993,500.0,81.6,320.2,237335.0,10.0,54136.0,15341.2,165.625,1129.4,10.0,4.12060022354126
2021-03-12,tezos,65907.0,18.792,66.482,0.9385399999999993,500.0,81.6,320.2,237335.0,10.0,54136.0,15341.2,165.625,1129.4,10.0,3.9834210872650146
2021-03-13,tezos,65907.0,18.792,66.482,0.9385399999999993,500.0,81.6,320.2,237335.0,10.0,54136.0,15341.2,165.625,1129.4,10.0,4.1713480949401855
2021-03-14,tezos,65907.0,18.792,66.482,0.9385399999999993,500.0,81.6,320.2,237335.0,10.0,54136.0,15341.2,165.625,1129.4,10.0,3.973217010498047
2021-03-15,tezos,65907.0,18.792,66.482,0.9385399999999993,500.0,81.6,320.2,237335.0,10.0,54136.0,15341.2,165.625,1129.4,10.0,3.835115909576416
2021-03-16,tezos,65907.0,18.792,66.482,0.9385399999999993,500.0,81.6,320.2,237335.0,10.0,54136.0,15341.2,165.625,1129.4,10.0,4.0291290283203125
2021-03-17,tezos,65907.0,18.792,66.482,0.9385399999999993,500.0,81.6,320.2,237335.0,10.0,54136.0,15341.2,165.625,1129.4,10.0,4.401203155517578
2021-03-18,tezos,65907.0,18.792,66.482,0.9385399999999993,500.0,81.6,320.2,237335.0,10.0,54136.0,15341.2,165.625,1129.4,10.0,4.287676811218262
2021-03-19,tezos,65907.0,18.792,66.482,0.9385399999999993,500.0,81.6,320.2,237335.0,10.0,54136.0,15341.2,165.625,1129.4,10.0,4.251573085784912
2021-03-20,tezos,65907.0,18.792,66.482,0.9385399999999993,500.0,81.6,320.2,237335.0,10.0,54136.0,15341.2,165.625,1129.4,10.0,4.372607231140137
2021-03-21,tezos,65907.0,18.792,66.482,0.9385399999999993,500.0,81.6,320.2,237335.0,10.0,54136.0,15341.2,165.625,1129.4,10.0,4.181526184082031
2021-03-22,tezos,65907.0,18.792,66.482,0.9385399999999993,500.0,81.6,320.2,237335.0,10.0,54136.0,15341.2,165.625,1129.4,10.0,4.093167781829834
2021-03-23,tezos,65907.0,18.792,66.482,0.9385399999999993,500.0,81.6,320.2,237335.0,10.0,54136.0,15341.2,165.625,1129.4,10.0,4.152113914489746
2021-03-24,tezos,65907.0,18.792,66.482,0.9385399999999993,500.0,81.6,320.2,237335.0,10.0,54136.0,15341.2,165.625,1129.4,10.0,4.037398815155029
2021-03-25,tezos,65907.0,18.792,66.482,0.9385399999999993,500.0,81.6,320.2,237335.0,10.0,54136.0,15341.2,165.625,1129.4,10.0,3.9453139305114746
2021-03-26,tezos,65907.0,18.792,66.482,0.9385399999999993,500.0,81.6,320.2,237335.0,10.0,54136.0,15341.2,165.625,1129.4,10.0,4.215311050415039
2021-03-27,tezos,40042.0,15.468,61.896,0.9358,500.0,40.4,196.8,97239.0,10.0,24186.4,7853.3,59.1,316.6,10.0,4.129133224487305
2021-03-28,tezos,40104.0,15.604,61.766,0.9345199999999996,500.0,45.9,211.9,97576.0,10.0,25586.0,7758.4,62.9,330.6,10.0,4.252867221832275
2021-03-29,tezos,40173.0,15.738,61.566,0.9338599999999999,500.0,47.8,219.7,97120.0,10.0,24228.0,6174.2,53.666666666666664,264.8,10.0,4.589760780334473
2021-03-30,tezos,40241.0,15.98,61.156,0.9330800000000001,500.0,50.2,225.2,97197.0,10.0,21843.0,6219.0,46.166666666666664,258.4,10.0,4.593999862670898
2021-03-31,tezos,40308.0,15.988,60.936,0.9351199999999998,500.0,57.142857142857146,217.85714285714286,97557.0,7.0,27352.0,5344.1,47.0,196.6,10.0,4.856900215148926
2021-04-01,tezos,40408.0,15.914,61.284,0.9359199999999999,500.0,58.285714285714285,220.14285714285714,97955.0,7.0,23909.6,4872.4,38.2,192.3,10.0,5.161215782165527
2021-04-02,tezos,40483.0,15.654,61.68,0.93562,500.0,51.875,197.75,98370.0,8.0,20892.6,4614.6,49.666666666666664,162.2,10.0,5.369715213775635
2021-04-03,tezos,40569.0,15.658,61.204,0.9342399999999997,500.0,53.625,206.625,98709.0,8.0,21047.7,4672.4,47.6,164.1,10.0,4.853260040283203
2021-04-04,tezos,40662.0,15.65,61.24,0.93482,500.0,54.75,209.25,98968.0,8.0,21246.8,4717.3,55.0,165.6,10.0,5.201882839202881
2021-04-05,tezos,40799.0,15.386,60.84,0.93652,500.0,55.125,210.375,99399.0,8.0,24474.285714285714,5819.428571428572,46.5,187.57142857142858,7.0,6.041006088256836
2021-04-06,tezos,40936.0,15.262,61.286,0.9358399999999997,500.0,66.83333333333333,251.33333333333334,99757.0,6.0,24730.0,6873.666666666667,104.0,322.0,6.0,6.205634117126465
2021-04-07,tezos,41007.0,15.378,61.712,0.9351000000000002,500.0,26.25,119.75,99970.0,4.0,24287.0,5440.3,45.285714285714285,275.1,10.0,5.529050827026367
2021-04-08,tezos,41067.0,15.428,62.082,0.93552,500.0,43.6,168.4,100267.0,5.0,54136.0,15341.2,165.625,1129.4,10.0,6.1492719650268555
2021-04-09,tezos,41162.0,15.504,62.002,0.9342399999999997,500.0,52.285714285714285,180.71428571428572,100666.0,7.0,54136.0,15341.2,165.625,1129.4,10.0,6.744160175323486
2021-04-10,tezos,41278.0,15.476,61.984,0.9362200000000003,500.0,63.666666666666664,217.16666666666666,101067.0,6.0,30191.11111111111,6600.0,70.85714285714286,346.55555555555554,9.0,6.5576300621032715
2021-04-11,tezos,41382.0,15.506,62.126,0.9349800000000014,500.0,63.666666666666664,219.5,101366.0,6.0,28970.0,6768.5,60.1,329.6,10.0,6.470476150512695
2021-04-12,tezos,41446.0,15.408,62.124,0.9361599999999999,500.0,51.55555555555556,180.66666666666666,101643.0,9.0,31546.666666666668,7288.111111111111,62.6,339.0,9.0,6.285299777984619
2021-04-13,tezos,41556.0,15.438,62.284,0.9361799999999998,500.0,48.7,162.9,102016.0,10.0,31737.777777777777,7353.111111111111,37.333333333333336,339.8888888888889,9.0,6.543838977813721
2021-04-14,tezos,41629.0,15.266,61.856,0.93572,500.0,42.4,143.3,102356.0,10.0,29028.0,6977.9,44.8,314.3,10.0,6.58460807800293
2021-04-15,tezos,41749.0,15.236,62.17,0.9344599999999998,500.0,39.0,138.875,102782.0,8.0,33772.5,7444.555555555556,53.666666666666664,340.44444444444446,9.0,6.811093807220459
2021-04-16,tezos,41907.0,15.48,63.03,0.9354000000000003,500.0,50.2,184.1,103277.0,10.0,30857.14285714286,8161.0,76.85714285714286,409.625,8.0,7.234021186828613
2021-04-17,tezos,42059.0,15.616,63.71,0.9343600000000001,500.0,53.9,197.5,103618.0,10.0,27162.222222222223,7634.2,53.5,370.3,10.0,7.137826919555664
2021-04-18,tezos,42209.0,15.574,64.292,0.9361600000000012,500.0,57.0,202.9,103964.0,10.0,24708.0,5573.7,63.4,364.1,10.0,6.1657609939575195
2021-04-19,tezos,42313.0,15.54,63.612,0.9355600000000018,500.0,56.5,208.0,104280.0,8.0,24890.0,5640.3,63.7,366.3,10.0,5.463685035705566
2021-04-20,tezos,42475.0,15.676,65.068,0.9355800000000001,500.0,51.4,196.4,104593.0,5.0,25037.0,5689.5,70.22222222222223,368.3,10.0,5.697752952575684
2021-04-21,tezos,42656.0,15.464,65.11,0.93844,500.0,54.5,205.0,104961.0,4.0,28465.0,6176.0,62.0,431.25,8.0,5.349398136138916
2021-04-22,tezos,42831.0,15.474,65.302,0.9371200000000001,500.0,54.0,156.0,105249.0,1.0,53880.0,12459.4,136.5,969.8,10.0,4.937912940979004
2021-04-23,tezos,42935.0,15.46,64.924,0.9376800000000003,500.0,33.333333333333336,104.0,105472.0,3.0,54136.0,15341.2,165.625,1129.4,10.0,4.811355113983154
2021-04-24,tezos,43063.0,15.372,65.606,0.93922,500.0,38.0,122.66666666666667,105723.0,3.0,54990.0,15068.0,245.14285714285714,1040.3,10.0,4.4359002113342285
2021-04-25,tezos,43181.0,15.456,65.836,0.9396400000000017,500.0,60.75,177.0,105975.0,4.0,55420.0,15248.3,172.11111111111111,1070.7,10.0,4.443976879119873
2021-04-26,tezos,43310.0,15.132,66.174,0.9393000000000007,500.0,79.2,240.6,106392.0,5.0,60011.11111111111,16536.222222222223,201.0,1154.6666666666667,9.0,5.224985122680664
2021-04-27,tezos,43437.0,15.056,66.354,0.9399000000000018,500.0,73.16666666666667,235.5,106731.0,6.0,73450.0,21936.0,275.8333333333333,1598.3333333333333,6.0,5.430026054382324
2021-04-28,tezos,43534.0,15.218,66.812,0.9406200000000015,500.0,75.2,251.2,107077.0,5.0,54136.0,15341.2,165.625,1129.4,10.0,5.246065139770508
2021-03-09,stellar,159363.0,96.85170340681363,107.37274549098197,0.9604809619238474,499.0,45.5,191.5,707044.0,10.0,78786.66666666667,57068.1,541.8,77.1,10.0,0.43264999985694885
2021-03-10,stellar,159631.0,97.16032064128257,108.19639278557115,0.9609619238476983,499.0,45.5,191.5,707044.0,10.0,79254.44444444444,57297.1,549.4444444444445,78.0,10.0,0.410768985748291
2021-03-11,stellar,159848.0,97.0440881763527,108.32064128256513,0.9592585170340702,499.0,45.5,191.5,707044.0,10.0,127407.0,72180.2,626.6,89.2,10.0,0.4059000015258789
2021-03-12,stellar,160059.0,97.68336673346694,108.98597194388778,0.9595390781563123,499.0,45.5,191.5,707044.0,10.0,82420.0,58253.6,622.9,87.0,10.0,0.38787099719047546
2021-03-13,stellar,160295.0,98.52104208416834,109.78557114228457,0.9592985971943889,499.0,45.5,191.5,707044.0,10.0,94066.66666666667,53059.7,514.4285714285714,72.9,10.0,0.40826401114463806
2021-03-14,stellar,160611.0,99.0,110.33266533066133,0.9592384769539106,499.0,32.9,163.7,441419.0,10.0,102000.0,61979.833333333336,659.8333333333334,61.333333333333336,6.0,0.3915329873561859
2021-03-15,stellar,160868.0,99.5250501002004,110.70340681362725,0.9610220440881758,499.0,42.7,198.0,444521.0,10.0,98844.44444444444,52221.4,642.2,53.6,10.0,0.3854990005493164
2021-03-16,stellar,161140.0,99.7875751503006,112.07214428857715,0.9595390781563126,499.0,50.7,211.8,445385.0,10.0,70342.85714285714,40689.1,335.0,1683.7,10.0,0.39574700593948364
2021-03-17,stellar,161431.0,100.18236472945891,112.75350701402806,0.9602404809619237,499.0,54.1,233.5,447922.0,10.0,70342.85714285714,40689.1,335.0,1683.7,10.0,0.4047439992427826
2021-03-18,stellar,161711.0,100.61923847695391,112.47094188376754,0.960140280561125,499.0,60.8,261.7,449977.0,10.0,147581.0,60414.4,541.6666666666666,2737.1,10.0,0.39760899543762207
2021-03-19,stellar,162051.0,101.0120240480962,113.30460921843688,0.9599599198396798,499.0,60.8,264.2,451175.0,10.0,181566.66666666666,79478.16666666667,600.2,3283.3333333333335,6.0,0.3983280062675476
2021-03-20,stellar,162311.0,101.83567134268537,113.44488977955912,0.9619438877755506,499.0,61.1,264.9,452649.0,10.0,96992.0,41581.6,504.0,2177.2,10.0,0.4174880087375641
2021-03-21,stellar,162601.0,102.3867735470942,114.20040080160321,0.9619839679358746,499.0,61.4,265.2,454078.0,10.0,101666.66666666667,45925.166666666664,688.0,2366.6666666666665,6.0,0.4049989879131317
2021-03-22,stellar,162832.0,102.29518072289157,113.75502008032129,0.9588955823293198,498.0,68.6,290.5,455257.0,10.0,101850.0,46068.833333333336,429.25,2366.6666666666665,6.0,0.39673998951911926
2021-03-23,stellar,163015.0,102.34136546184739,113.83534136546184,0.9605421686746985,498.0,82.6,339.8,455897.0,10.0,99724.0,40506.0,511.5,2177.4,10.0,0.400085985660553
2021-03-24,stellar,163453.0,101.79317269076306,114.16265060240964,0.9582329317269096,498.0,86.6,346.9,457697.0,10.0,106171.42857142857,44569.857142857145,487.6666666666667,2400.0,7.0,0.3686389923095703
2021-03-25,stellar,163652.0,102.81526104417671,115.31726907630522,0.96178714859438,498.0,97.375,376.75,458688.0,8.0,86574.0,38480.2,366.8,1953.2,10.0,0.3659000098705292
2021-03-26,stellar,163782.0,102.56626506024097,115.68875502008032,0.9596586345381525,498.0,93.28571428571429,378.7142857142857,459543.28571428574,7.0,84634.0,39790.9,487.44444444444446,2006.2,10.0,0.3875049948692322
2021-03-27,stellar,163930.0,103.21887550200803,116.25502008032129,0.9606827309236944,498.0,94.42857142857143,385.42857142857144,460643.0,7.0,84644.0,39818.1,509.7,2006.8,10.0,0.3847219944000244
2021-03-28,stellar,164153.0,102.91767068273093,117.23895582329317,0.9604819277108428,498.0,95.57142857142857,388.42857142857144,461738.0,7.0,84905.0,39863.9,542.3333333333334,2007.5,10.0,0.39934098720550537
2021-03-29,stellar,164331.0,103.38955823293173,117.0160642570281,0.9606425702811242,498.0,86.0,340.85714285714283,460421.0,7.0,74340.0,32225.9,438.1,1625.6,10.0,0.4078829884529114
2021-03-30,stellar,164519.0,102.32329317269077,118.46385542168674,0.9597991967871482,498.0,69.375,281.25,460342.0,8.0,173300.0,60994.2,662.2222222222222,2836.1,10.0,0.4059410095214844
2021-03-31,stellar,164680.0,102.93373493975903,119.14257028112449,0.9602409638554213,498.0,72.625,294.625,461497.0,8.0,162776.0,58316.8,577.4,2591.9,10.0,0.41089800000190735
2021-04-01,stellar,164863.0,101.94377510040161,119.4718875502008,0.9570481927710841,498.0,77.125,314.5,463397.0,8.0,59773.333333333336,24088.6,372.8,1256.2,10.0,0.43251198530197144
2021-04-02,stellar,165118.0,103.21529175050301,120.48088531187123,0.9597987927565388,497.0,73.88888888888889,307.44444444444446,465356.0,9.0,62370.0,24222.9,379.8,1235.1,10.0,0.4465849995613098
2021-04-03,stellar,165359.0,104.14056224899598,121.59839357429719,0.959457831325301,498.0,76.88888888888889,317.44444444444446,466901.22222222225,9.0,74333.75,28260.8,408.8888888888889,1371.5,10.0,0.4180540144443512
2021-04-04,stellar,165580.0,104.65392354124748,122.35613682092556,0.9602213279678067,497.0,78.0,319.77777777777777,468576.0,9.0,74621.25,29939.666666666668,329.3333333333333,1509.6666666666667,9.0,0.43780699372291565
2021-04-05,stellar,165975.0,104.87726358148893,122.86519114688129,0.9598792756539261,497.0,79.0,321.77777777777777,470853.0,9.0,62245.0,27979.0,292.6,1351.5,8.0,0.5363669991493225
2021-04-06,stellar,166459.0,105.47082494969818,122.59154929577464,0.9591951710261567,497.0,67.0,276.8,473732.0,10.0,74500.0,31642.666666666668,273.0,1715.1666666666667,6.0,0.542743980884552
2021-04-07,stellar,166771.0,106.56740442655935,123.9195171026157,0.9620724346076458,497.0,69.2,286.4,475813.0,10.0,71628.57142857143,27168.1,341.0,1289.2,10.0,0.47328001260757446
2021-04-08,stellar,167007.0,107.8692152917505,123.36619718309859,0.9617102615694163,497.0,63.4,268.0,477616.0,10.0,70342.85714285714,40689.1,335.0,1683.7,10.0,0.506816029548645
2021-04-09,stellar,167239.0,106.61167002012073,122.31187122736418,0.9601207243460761,497.0,66.0,274.5,479312.0,10.0,70342.85714285714,40689.1,335.0,1683.7,10.0,0.4863870143890381
2021-04-10,stellar,167521.0,108.07243460764587,122.67203219315896,0.961891348088531,497.0,71.0,289.6,481104.0,10.0,87075.0,33969.7,468.0,1943.2,10.0,0.5618289709091187
2021-04-11,stellar,168198.0,106.6056338028169,123.38832997987927,0.962293762575455,497.0,72.6,295.2,483430.0,10.0,82985.71428571429,35624.1,550.5,1788.1,10.0,0.5888100266456604
2021-04-12,stellar,168532.0,107.1774193548387,121.90524193548387,0.9618951612903226,496.0,71.7,289.4,485442.0,10.0,91666.66666666667,35348.444444444445,666.2857142857143,1985.7777777777778,9.0,0.5905920267105103
2021-04-13,stellar,169048.0,107.53319919517102,121.57344064386318,0.9609456740442678,497.0,65.7,266.4,487812.0,10.0,99450.0,38344.857142857145,477.0,2213.5714285714284,7.0,0.6553559899330139
2021-04-14,stellar,169550.0,108.32193158953723,121.99597585513078,0.9615090543259556,497.0,71.7,284.6,490517.0,10.0,89916.66666666667,36601.4,545.5,1848.1,10.0,0.6367350220680237
2021-04-15,stellar,170037.0,108.05633802816901,122.85110663983903,0.9615492957746479,497.0,72.5,291.1,492621.0,10.0,78216.66666666667,37780.3,499.57142857142856,1782.5,10.0,0.641040027141571
2021-04-16,stellar,170590.0,108.95171026156942,123.27967806841046,0.9616700201207242,497.0,73.0,294.0,495200.0,10.0,98575.0,46420.142857142855,443.5,2199.4285714285716,7.0,0.6132630109786987
2021-04-17,stellar,171074.0,109.30985915492958,122.37424547283702,0.9610261569416496,497.0,73.2,295.9,496934.4,10.0,77483.33333333333,39728.8,498.6666666666667,1794.3,10.0,0.5992550253868103
2021-04-18,stellar,171583.0,110.25150905432595,124.09859154929578,0.9618309859154961,497.0,74.0,298.5,498981.0,10.0,143700.0,38509.4,538.1111111111111,1764.2,10.0,0.544734001159668
2021-04-19,stellar,172111.0,110.71428571428571,124.23340040241449,0.9636820925553352,497.0,74.6,300.3,500658.0,10.0,87633.33333333333,38779.0,626.5555555555555,1721.7,10.0,0.5012339949607849
2021-04-20,stellar,172580.0,111.19315895372233,123.83903420523139,0.9616096579476856,497.0,78.2,303.7,502826.0,10.0,88083.33333333333,40007.1,663.2,1632.8,10.0,0.5279499888420105
2021-04-21,stellar,173039.0,111.67203219315896,124.10060362173039,0.9620724346076491,497.0,83.3,321.0,504508.0,10.0,89016.66666666667,40403.5,687.0,1635.8,10.0,0.4920879900455475
2021-04-22,stellar,173422.0,112.27162977867204,124.51710261569417,0.9633199195171026,497.0,75.2,285.3,505791.0,10.0,82900.0,43524.7,998.5,1646.5,10.0,0.4503459930419922
2021-04-23,stellar,173833.0,112.51106639839034,122.59557344064386,0.9630181086519114,497.0,74.5,283.8,506971.5,10.0,70342.85714285714,40689.1,335.0,1683.7,10.0,0.45089200139045715
2021-04-24,stellar,174189.0,112.91750503018109,123.61770623742454,0.96374245472837,497.0,77.4,295.9,508161.0,10.0,73200.0,41892.4,471.5,1638.8,10.0,0.42574599385261536
2021-04-25,stellar,174538.0,113.1066398390342,123.93158953722335,0.9647283702213304,497.0,78.9,300.7,509434.0,10.0,121666.66666666667,52765.166666666664,413.0,2412.3333333333335,6.0,0.4164380133152008
2021-04-26,stellar,174909.0,113.3682092555332,123.00201207243461,0.9643661971830982,497.0,55.9,233.1,510632.0,10.0,68442.85714285714,40149.4,645.375,1645.8,10.0,0.4856100082397461
2021-04-27,stellar,175329.0,113.95161290322581,123.55645161290323,0.9643951612903222,496.0,61.6,249.1,512006.0,10.0,75116.66666666667,42516.77777777778,498.8333333333333,1790.5555555555557,9.0,0.5094789862632751
2021-04-28,stellar,175677.0,113.95372233400403,122.29376257545272,0.9654325955734401,497.0,62.6,260.1,513429.0,10.0,70342.85714285714,40689.1,335.0,1683.7,10.0,0.49734899401664734
