date_scrape,coin_name,r_subscribers,r_comments,r_upvotes,r_upvote_ratio,r_unique_posts,t_retweets,t_favorites,t_followers,t_unique_users,y_subscribers,y_views,y_comments,y_likes,y_unique_channels,price
2021-03-09,ethereum,714438,50.75959595959596,187.96565656565656,0.8514141414141414,495,507,1915,776543,1,622840,311111.4,3286.4,399.3,10,1868.048828125
2021-03-10,ethereum,716416,51.385858585858585,192.3939393939394,0.8580808080808079,495,523,1995,780109,1,639650,345057.8333333333,3651.2,472.6666666666667,6,1799.166259765625
2021-03-11,ethereum,718300,52.11290322580645,195.93145161290323,0.8596774193548384,496,284.5,1096,783633,2,630000,311961.6,3311.6666666666665,408.2,10,1826.1949462890625
2021-03-12,ethereum,719964,52.40725806451613,197.375,0.8570362903225802,496,297,1143.5,786195,2,643222.2222222222,292406.77777777775,2967.7,391.5,10,1772.1024169921875
2021-03-13,ethereum,721934,53.149193548387096,198.3891129032258,0.8628024193548386,496,299.5,1153.5,789681,2,637683.3333333334,350779.5,3413.3333333333335,470.8333333333333,6,1924.6854248046875
2021-03-14,ethereum,724297,53.59879032258065,200.3951612903226,0.86171370967742,496,301,1157,793671,2,592840,312600.2,2984.1,395.7,10,1854.5643310546875
2021-03-15,ethereum,726425,53.93346774193548,202.56048387096777,0.858588709677419,496,303,1159,797012,2,588380,314090.5,3032.7,394.5,10,1791.7022705078125
2021-03-16,ethereum,728474,55.49596774193548,206.36693548387095,0.8611088709677417,496,303.5,1161.5,800598,2,1051933.3333333333,355505.5,0,14833.333333333334,6,1806.9718017578125
2021-03-17,ethereum,730659,56.22379032258065,209.71370967741936,0.8601209677419355,496,300,1152.5,802741,2,1051933.3333333333,355505.5,0,14833.333333333334,6,1823.4493408203125
2021-03-18,ethereum,732488,57.224242424242426,212.1838383838384,0.8618989898989892,495,301,1154.5,806815,2,730700,311591.6,3194.9,15040,10,1782.8551025390625
2021-03-19,ethereum,734144,57.09475806451613,211.4758064516129,0.8627016129032257,496,299.5,1151.5,810261,2,820833.3333333334,355612.8333333333,4000.4,17000,6,1817.6241455078125
2021-03-20,ethereum,735741,57.48185483870968,212.2379032258065,0.8596774193548384,496,301.5,1152,814108,2,738000,317822,3235.3,15140,10,1812.6346435546875
2021-03-21,ethereum,737813,57.58870967741935,215.1431451612903,0.8622580645161289,496,301.5,1152,819721,2,792000,350677.14285714284,2808.5,16428.571428571428,7,1788.217041015625
2021-03-22,ethereum,739533,57.89314516129032,217.62298387096777,0.8619556451612904,496,302,1151,823930,2,813000,362115.6666666667,4370.5,16500,6,1691.333984375
2021-03-23,ethereum,741041,58.11515151515152,217.7474747474747,0.8630909090909095,495,52,228,827311,2,730600,314509.4,3039,14100,10,1678.650146484375
2021-03-24,ethereum,742739,58.432323232323235,219.11515151515152,0.8612323232323229,495,35,186,831853,1,820666.6666666666,366045.6666666667,4844,16666.666666666668,6,1593.4134521484375
2021-03-25,ethereum,744163,57.422222222222224,216.3171717171717,0.8569494949494946,495,37,187,835314,1,742000,318477,1789.2,14680,10,1595.3592529296875
2021-03-26,ethereum,745427,57.965656565656566,219.08282828282827,0.8532929292929291,495,39,189,838403,1,671600,281360.5,2371.4,12530,10,1702.842041015625
2021-03-27,ethereum,746637,58.69292929292929,222.08080808080808,0.8563434343434343,495,38,191,841493,1,668888.8888888889,288133.3333333333,2583,12811.111111111111,9,1716.49462890625
2021-03-28,ethereum,748039,58.674089068825914,222.24493927125505,0.8528137651821861,494,38,191,844753,1,675444.4444444445,289422.8888888889,2598.5555555555557,12811.111111111111,9,1691.35595703125
2021-03-29,ethereum,749434,58.84146341463415,226.0142276422764,0.8583739837398371,492,38,187,845058,1,677000,282370.1111111111,1973.375,12255.555555555557,9,1819.6849365234375
2021-03-30,ethereum,750951,59.140243902439025,228.8150406504065,0.8574999999999998,492,37,185,846975,1,680333.3333333334,282975.22222222225,2142.3333333333335,12266.666666666666,9,1846.03369140625
2021-03-31,ethereum,752378,59.6869918699187,229.3109756097561,0.856930894308943,492,37,185,850239,1,670333.3333333334,288265.77777777775,2231,12200,9,1918.362060546875
2021-04-01,ethereum,753777,60.11178861788618,231.6138211382114,0.856829268292683,492,38,186,853961,1,940333.3333333334,287083.44444444444,2410.5555555555557,13722.222222222224,9,1977.27685546875
2021-04-02,ethereum,755714,60.41260162601626,232.53048780487805,0.8548780487804873,492,38,186,859379,1,942333.3333333334,288639.6666666667,2428.8888888888887,13833.333333333334,9,2143.2255859375
2021-04-03,ethereum,757638,60.871690427698574,234.64562118126273,0.8599185336048877,491,38,186,863588,1,945555.5555555556,289918.44444444444,2437.777777777778,13833.333333333334,9,2028.4224853515625
2021-04-04,ethereum,759244,61.05295315682281,235.05906313645625,0.857189409368635,491,38,186,867405,1,948000,290951.3333333333,2205.875,13944.444444444443,9,2093.122802734375
2021-04-05,ethereum,760926,61.54786150712831,235.34012219959263,0.8559063136456208,491,56.5,239,871247,2,723250,372947.5,2801.25,14250,4,2107.88720703125
2021-04-06,ethereum,762629,62.08350305498982,237.6537678207739,0.8600610997963333,491,56.5,239.5,875346,2,932333.3333333334,308232.1111111111,2733.625,14055.555555555557,9,2118.37890625
2021-04-07,ethereum,764395,62.496945010183296,241.34826883910387,0.8629327902240327,491,56.5,240,879337,2,1029285.7142857144,327299.4285714286,2991.8333333333335,15128.57142857143,7,1971.0772705078125
2021-04-08,ethereum,765825,62.645621181262726,241.9837067209776,0.861547861507128,491,57,240,882867,2,1051933.3333333333,355505.5,0,14833.333333333334,6,2088.57373046875
2021-04-09,ethereum,767136,63.14867617107943,245.79226069246437,0.8626883910386968,491,56.5,240,886251,2,1051933.3333333333,355505.5,0,14833.333333333334,6,2072.10888671875
2021-04-10,ethereum,768608,64.88391038696538,257.7739307535642,0.8640325865580448,491,55.5,238.5,890023,2,1004400,285606.9,2253.6666666666665,14290,10,2135.942138671875
2021-04-11,ethereum,770551,65.90631364562118,259.29938900203666,0.8592668024439921,491,37,186,894142,1,1261888.888888889,293751.1111111111,2067.777777777778,13655.555555555557,9,2157.656982421875
2021-04-12,ethereum,772718,67.0244399185336,261.73930753564156,0.8635845213849301,491,37,186,897950,1,1261600,353369.8,2958.25,16380,5,2139.353271484375
2021-04-13,ethereum,774598,66.41260162601625,263.1483739837398,0.859085365853658,492,37,186,902252,1,1262800,354324.2,3200.8,16380,5,2299.187744140625
2021-04-14,ethereum,777072,66.2560975609756,260.7154471544715,0.860995934959349,492,37,186,908663,1,1012000,291579.1,2113.4,13370,10,2435.10498046875
2021-04-15,ethereum,779979,66.23983739837398,262.6788617886179,0.8625609756097559,492,37,186,915227,1,1037666.6666666666,301859.44444444444,2475.3333333333335,13433.333333333334,9,2519.1162109375
2021-04-16,ethereum,783387,66.53252032520325,263.7439024390244,0.8609349593495933,492,37,186,923403,1,1120166.6666666667,251253.33333333337,548,12516.666666666666,6,2431.946533203125
2021-04-17,ethereum,786544,66.67073170731707,269.2642276422764,0.8615040650406497,492,37,186,928486,1,1080571.4285714286,246735.42857142855,1080.25,12885.714285714286,7,2344.89501953125
2021-04-18,ethereum,790312,68.69918699186992,274.4247967479675,0.8618902439024391,492,37,186,936196,1,925700,235811.3,1810.7777777777776,11090,10,2237.136962890625
2021-04-19,ethereum,794112,70.44016227180528,277.9026369168357,0.8640973630831648,493,37,186,941760,1,964333.3333333334,241713.11111111112,1654.25,11722.222222222224,9,2166.188720703125
2021-04-20,ethereum,797931,71.7606490872211,283.4766734279919,0.8653955375253543,493,37,186,948619,1,952177.7777777778,252972.88888888888,1414.428571428571,11922.222222222224,9,2330.2109375
2021-04-21,ethereum,801544,72.62068965517241,289.5395537525355,0.8623326572008121,493,37,186,954030,1,1118500,274570.8333333333,3314,14916.666666666666,6,2364.751708984375
2021-04-22,ethereum,805704,70.96551724137932,290.65922920892496,0.8616835699797158,493,38,186,959536,1,969214.2857142856,294018.4285714286,758.5,14014.285714285714,7,2403.53515625
2021-04-23,ethereum,809027,72.44331983805668,298.1781376518219,0.8694129554655877,494,56.5,239,964131,2,1051933.3333333333,355505.5,0,14833.333333333334,6,2363.586181640625
2021-04-24,ethereum,811723,71.56275303643724,307.497975708502,0.8687449392712544,494,56.5,239,968398,2,947666.6666666666,268800.6666666667,1731.5,14066.666666666666,9,2211.625732421875
2021-04-25,ethereum,814430,72.31174089068826,304.87044534412956,0.867874493927125,494,56,239,972551,2,1187600,276178.8,2060.5,15520,5,2316.0595703125
2021-04-26,ethereum,817164,72.39676113360323,306.87651821862346,0.8649595141700397,494,91,414,977173,1,1095142.857142857,265710.4285714286,1183.75,14100,7,2534.481689453125
2021-04-27,ethereum,820115,72.66194331983806,309.57894736842104,0.8673076923076913,494,104,478,981754,1,920190,308369.7,1637.5,11240,10,2662.865234375
2021-04-28,ethereum,823341,72.66396761133603,308.44331983805665,0.8697773279352219,494,111,501,987599,1,1051933.3333333333,355505.5,0,14833.333333333334,6,2746.380126953125
2021-03-09,cardano,252251,121.736,306.388,0.9364199999999996,500,49.8,314.2,288343,10,562100,294613,3104.4444444444443,324.2,10,1.195160984992981
2021-03-10,cardano,254021,122.068,311.942,0.9360399999999997,500,43.7,332.1,290157,10,565800,300020.1,3092.8888888888887,326.9,10,1.1350029706954956
2021-03-11,cardano,255617,123.092,316.998,0.9359999999999996,500,47.5,332.7,292630,10,569200,305510.9,3255.375,330.2,10,1.1247899532318115
2021-03-12,cardano,257351,124.666,320.488,0.9358199999999998,500,55.1,379,294508,10,583666.6666666666,307528,3033,332.5,10,1.0391440391540527
2021-03-13,cardano,259326,125.828,322.804,0.9347999999999996,500,59.5,395.4,296990,10,612500,329576.125,3355.25,375.75,8,1.1033140420913696
2021-03-14,cardano,261360,127.52,328.914,0.9357000000000028,500,60.3,401.8,299669,10,580900,316624,3215.222222222222,335.3,10,1.059154033660889
2021-03-15,cardano,263411,128.366,337.526,0.9357999999999996,500,69.1,458.7,302177,10,584100,319407.6,3223.8888888888887,336.8,10,1.033539056777954
2021-03-16,cardano,266154,130.906,347.284,0.9363999999999996,500,70.6,469.3,306372,10,523166.6666666667,180310.16666666663,1283,9216.666666666666,6,1.2429529428482056
2021-03-17,cardano,269658,133.568,351.166,0.9321800000000028,500,71.5,477.7,310643,10,523166.6666666667,180310.16666666663,1283,9216.666666666666,6,1.3786729574203491
2021-03-18,cardano,273572,138.234,358.092,0.9294999999999995,500,72.4,481.1,315725,10,588800,318374.5,2757.9,15000,10,1.2390060424804688
2021-03-19,cardano,276342,140.982,363.282,0.9261799999999992,500,78.1,514.2,319294,10,634200,388128.6,3692,18200,5,1.3021700382232666
2021-03-20,cardano,279266,142.154,368.086,0.9272799999999992,500,80.1,526.8,322513.4,10,595900,322546.7,2768.8,15300,10,1.2065409421920776
2021-03-21,cardano,282258,142.62725450901803,372.1382765531062,0.927855711422848,499,81.2,530.9,326570,10,639800,396871.4,3682,18800,5,1.18913996219635
2021-03-22,cardano,284762,143.23446893787576,375.9318637274549,0.9260320641282588,499,88.9,569.2,330180,10,603300,326596.6,2949,15300,10,1.1098740100860596
2021-03-23,cardano,286836,144.334,380.932,0.927080000000002,500,90,559.3,332742,10,617000,329012.6,2674.3,15600,10,1.1215519905090332
2021-03-24,cardano,289118,145.458,386.95,0.9269200000000024,500,102.25,607.25,336638,4,642500,384992.8333333333,3806.5,17666.666666666668,6,1.0750019550323486
2021-03-25,cardano,290895,148.756,394.798,0.9257000000000016,500,106,628,339735,2,614900,333254.6,2630.4285714285716,15280,10,1.1015739440917969
2021-03-26,cardano,292644,150.558,402.858,0.9269399999999994,500,106,697.3333333333334,342980,3,638100,323238.5,2618.8,15280,10,1.2139689922332764
2021-03-27,cardano,294141,151.012,403.188,0.9257799999999996,500,116.33333333333331,779,345297,3,673200,322710.4,2371.5555555555557,16380,10,1.1765769720077517
2021-03-28,cardano,296025,151.462,406.658,0.9286599999999994,500,119,797,348147,3,679800,324787.1,2600.1,16480,10,1.1911239624023438
2021-03-29,cardano,297702,151.922,410.036,0.9283399999999992,500,118.33333333333331,800,348532,3,681500,325414.7,2596.4444444444443,16480,10,1.2025409936904907
2021-03-30,cardano,299433,152.73,415.37,0.9292200000000024,500,106,720,350056,4,685000,326579.4,2840.625,16590,10,1.2133170366287231
2021-03-31,cardano,301203,153.698,424.264,0.9328199999999998,500,131,856.5,352924,4,688200,327721.8,2708.777777777778,16690,10,1.1932640075683594
2021-04-01,cardano,302813,154.578,425.348,0.9318400000000016,500,138,895.25,355658,4,626000,306083.1,2096.777777777778,16190,10,1.189244031906128
2021-04-02,cardano,304507,155.654,427.314,0.9331399999999996,500,110.5,747.3333333333334,358454,6,647900,272730.1,1657.3,14640,10,1.1965090036392212
2021-04-03,cardano,306202,157.862,434.838,0.9290799999999996,500,114.5,781.5,360777,6,651600,273179.9,1554.3,14640,10,1.1732770204544067
2021-04-04,cardano,307866,157.794,434.116,0.9277799999999994,500,117.16666666666669,794.6666666666666,363224,6,631857.1428571428,305706,1573.75,16557.14285714286,7,1.1914199590682983
2021-04-05,cardano,309751,56.57715430861723,208.66533066132263,0.8787374749498994,499,117.83333333333331,800.3333333333334,366154,6,691500,238854.83333333337,1413,13483.333333333334,6,1.2143000364303589
2021-04-06,cardano,311743,57.606,211.702,0.8870799999999993,500,123,793.8571428571429,369324,7,709600,218170.2,1400.3333333333333,11840,10,1.2553540468215942
2021-04-07,cardano,313438,162.056,443.91,0.9278800000000028,500,130.14285714285714,828,371680,7,712800,218283.9,1324.8,11840,10,1.1751489639282229
2021-04-08,cardano,315015,162.436,444.438,0.9264399999999994,500,131.85714285714286,834.5714285714286,374339,7,523166.6666666667,180310.16666666663,1283,9216.666666666666,6,1.2194360494613647
2021-04-09,cardano,316470,162.896,443.672,0.9246800000000028,500,124.125,783,377278,8,523166.6666666667,180310.16666666663,1283,9216.666666666666,6,1.2035399675369265
2021-04-10,cardano,317923,162.846,447.438,0.9265399999999996,500,128.75,803.625,380247,8,673600,217293.7,1448.375,12130,10,1.2187579870224
2021-04-11,cardano,319654,59.094,217.572,0.8798399999999995,500,131.625,812.5,383656,8,615500,209863.6,1466.5,11270,10,1.266734957695007
2021-04-12,cardano,321539,164.24048096192385,454.372745490982,0.9264128256513056,499,133.125,819.5,387332,8,712500,221204.625,1388,12362.5,8,1.3161269426345823
2021-04-13,cardano,323561,161.64128256513027,450.685370741483,0.9243687374749494,499,134,825,390957,8,716500,221268.5,1227.6666666666667,12362.5,8,1.4117859601974487
2021-04-14,cardano,326106,161.81763527054107,452.374749498998,0.9266733466933867,499,134.375,829.75,394909,8,651100,211348.4,1455.4,11410,10,1.4554200172424316
2021-04-15,cardano,328455,162.61723446893788,452.90981963927857,0.9292384769539072,499,135.625,832.375,398671.625,8,679444.4444444445,217461.22222222225,1487.571428571429,11933.333333333334,9,1.4815880060195925
2021-04-16,cardano,331485,59.21529175050302,221.07243460764587,0.8922132796780694,497,125.66666666666669,784.5555555555555,402901,9,715000,230090.8,1487.571428571429,13380,5,1.4169490337371826
2021-04-17,cardano,334473,162.3426853707415,450.1663326653307,0.928917835671342,499,127.33333333333331,797.5555555555555,406444,9,582800,193422.8,1379,8780,10,1.3848689794540403
2021-04-18,cardano,337298,162.30260521042084,451.0440881763527,0.9276953907815628,499,128.11111111111111,802.4444444444445,410910.77777777775,9,464340,183555.2,1393.3333333333333,8877.777777777777,10,1.275501012802124
2021-04-19,cardano,340316,164.03607214428857,466.1763527054108,0.9300801603206404,499,128.88888888888889,806,414816,9,467950,185429.5,1422.2,8877.777777777777,10,1.1979589462280271
2021-04-20,cardano,342986,163.78356713426854,462.128256513026,0.9303607214428852,499,130.55555555555554,808.7777777777778,419178,9,487780,174142.1,1178.25,8377.777777777777,10,1.2659339904785156
2021-04-21,cardano,345617,164.4068136272545,469.6392785571142,0.9315030060120272,499,129.88888888888889,810.6666666666666,423371,9,475857.1428571429,187086,1574.2,9228.57142857143,7,1.2067350149154663
2021-04-22,cardano,347852,164.6573146292585,474.2324649298597,0.931402805611222,499,130.22222222222223,811.2222222222222,426507.8888888889,9,541200,194804.6,1199,10720,5,1.147017002105713
2021-04-23,cardano,349806,166.0180360721443,480.0260521042084,0.9333867735470966,499,131.11111111111111,811.6666666666666,429206,9,523166.6666666667,180310.16666666663,1283,9216.666666666666,6,1.155701994895935
2021-04-24,cardano,351693,163,483.82765531062125,0.9345090180360718,499,131.22222222222223,812.7777777777778,431806,9,405560,176991.5,1363,9066.666666666666,10,1.101354956626892
2021-04-25,cardano,353516,162.42084168336677,489.6292585170341,0.934669338677358,499,131.33333333333334,813,434635,9,460280,174029.5,1136.5,8377.777777777777,10,1.0882500410079956
2021-04-26,cardano,355466,161.43887775551102,493.7054108216433,0.935991983967935,499,113.22222222222224,685.1111111111111,437818,9,470200,177024.1,1490.3333333333333,8760,10,1.2340190410614014
2021-04-27,cardano,357501,162.34468937875752,506.0280561122245,0.9368737474949892,499,119.125,709.25,441750,8,548222.2222222222,171280.88888888888,1249.3333333333333,8500,9,1.306926965713501
2021-04-28,cardano,359574,158.85771543086173,496.6452905811623,0.933587174348697,499,119.625,713.5,445950,8,523166.6666666667,180310.16666666663,1283,9216.666666666666,6,1.335665941238403
2021-03-09,ripple,273882,84.052,79.268,0.8783199999999997,500,266.3,1119,1247467,10,201620,164221.6,1814,218.5,10,0.4859879910945892
2021-03-10,ripple,274084,83.346,78.872,0.8767999999999999,500,284.4,1148.7,1250702,10,232866.66666666663,196145,2088.3333333333335,222,6,0.4631659984588623
2021-03-11,ripple,274243,83.584,79.638,0.8778999999999997,500,274.5,1146.3,1253877,10,246630,166248.7,1879.111111111111,146.4,10,0.4529600143432617
2021-03-12,ripple,274441,83.654,80.15,0.8782000000000001,500,307,1222.3,1256397,10,253480,170433.9,1572.4,148.2,10,0.4411309957504273
2021-03-13,ripple,274643,83.916,80.578,0.8790999999999993,500,275.4,1165.3,1259465.3,10,268271.4285714286,189622.42857142855,1860.2857142857144,195.57142857142856,8,0.4599240124225617
2021-03-14,ripple,274846,83.816,80.868,0.8764999999999998,500,309.9,1315.5,1263846,10,229244.44444444444,161305.44444444444,1634.888888888889,160.66666666666666,9,0.442111998796463
2021-03-15,ripple,275056,83.904,81.164,0.8822399999999994,500,269.3,1161.7,1267046,10,262480,175859.2,1746.4,226.4,5,0.4375549852848053
2021-03-16,ripple,275297,83.716,81.498,0.8841799999999995,500,294.2,1244.2,1269803,10,378593.3333333333,1391253.4,693.2857142857143,22890,10,0.4625999927520752
2021-03-17,ripple,275617,83.294,81.944,0.8821999999999999,500,226.5,1017.5,1272926,10,378593.3333333333,1391253.4,693.2857142857143,22890,10,0.4724169969558716
2021-03-18,ripple,275794,84.182,82.436,0.8845799999999995,500,182.2,860.2,1276179,10,233800,139263.6,1503.4444444444443,6180,10,0.4729189872741699
2021-03-19,ripple,275951,82.874,82.14,0.8835599999999993,500,138.3,786.7,1278538,10,307000,153215.14285714287,985.7142857142856,4685.714285714285,7,0.4711709916591644
2021-03-20,ripple,276233,83.014,83.144,0.8861600000000003,500,194.7,969.7,1281717,10,275740,141273.6,1186.8,5420,10,0.5269910097122192
2021-03-21,ripple,276493,83.248,84.29,0.8878200000000005,500,221.4,1066,1285254.7,10,372800,161119.875,861.75,4362.5,8,0.5198349952697754
2021-03-22,ripple,276851,83.31,84.48,0.8858800000000002,500,215,1003.8,1288872,10,311640,157051.1,1006.6666666666666,5610,10,0.5499420166015625
2021-03-23,ripple,277094,83.246,84.172,0.8871200000000001,500,222.3,1016.7,1291615,10,311760,160355.2,1193.2,5540,10,0.5565950274467468
2021-03-24,ripple,277550,82.918,84.8,0.8861400000000005,500,266.6,1142.1,1295364,10,322037.5,168323.5,1185.6,5500,8,0.48883700370788574
2021-03-25,ripple,277739,83.14,85.156,0.8860600000000007,500,280.4,1127.7,1297796.9,10,312080,158976.2,1072,5480,10,0.5174980163574219
2021-03-26,ripple,277922,83.078,85.188,0.8867599999999994,500,207.5,870.1,1300287,10,312280,148414.9,1147.9,4920,10,0.5670549869537354
2021-03-27,ripple,278060,83.126,85.17,0.8847999999999993,500,227.6,952.7,1302996,10,340100,157017.77777777778,979.5,4260,10,0.5504429936408997
2021-03-28,ripple,278241,82.4,85.24,0.8827599999999995,500,230.4,1001.3,1305882,10,353900,164457.8,1057.4444444444443,4370,10,0.5507559776306152
2021-03-29,ripple,278382,82.44,85.734,0.8851599999999995,500,225,997.9,1304762,10,313520,143036.3,1204.8,5050,10,0.5678709745407104
2021-03-30,ripple,278577,82.056,86.316,0.8863000000000003,500,225.7,1006.6,1305796,10,340700,171544.66666666666,1333.5,4700,6,0.5668590068817139
2021-03-31,ripple,278748,82.002,86.788,0.8856999999999996,500,311,1306.3,1308543,10,272840,142587.5,1092.625,5360,10,0.573868989944458
2021-04-01,ripple,279017,81.972,86.9,0.8850799999999999,500,318,1326,1311725,10,354380,144952.4,945.5,4150,10,0.5792919993400574
2021-04-02,ripple,279226,81.582,86.634,0.8844199999999994,500,339.4,1415.9,1315182.9,10,374700,153453.9,984.4,4320,10,0.6165689826011658
2021-04-03,ripple,279439,81.648,86.938,0.8853799999999994,500,355.3,1474.7,1319148,10,354470,136247.9,985.6,4270,10,0.5909150242805481
2021-04-04,ripple,279603,81.75,87.154,0.8859199999999997,500,359.5,1494.2,1322504,10,354500,139700.1,1193.875,4330,10,0.6467289924621582
2021-04-05,ripple,280232,55.81563126252505,71.65931863727455,0.8693386773547089,499,418.3,1668.1,1329548.8,10,408566.6666666667,158153.83333333334,366,3483.3333333333335,6,0.9204729795455932
2021-04-06,ripple,281280,56.52705410821643,71.54308617234469,0.8677354709418833,499,516.1,1994.4,1340442,10,426412.5,478725.77777777775,1066.7777777777778,7655.555555555556,9,1.0962660312652588
2021-04-07,ripple,281845,81.45,90.368,0.8864400000000004,500,503.2,1996.8,1346822,10,465810,157926.7,800.625,3290,10,0.917576014995575
2021-04-08,ripple,282280,81.396,90.998,0.8876999999999993,500,538.4,2175.7,1351740,10,378593.3333333333,1391253.4,693.2857142857143,22890,10,1.0527559518814087
2021-04-09,ripple,282687,80.624,92.522,0.8892399999999991,500,504.7,2077.3,1356356,10,378593.3333333333,1391253.4,693.2857142857143,22890,10,1.0208369493484497
2021-04-10,ripple,283525,53.78156312625251,74.14228456913828,0.8670941883767534,499,508.6,2134.4,1363460,10,464988.8888888889,1191538.6,1935.4444444444443,15120,10,1.3744159936904907
2021-04-11,ripple,284594,53.61723446893787,75.63326653306613,0.8612625250500997,499,561.1,2311.3,1371731.6,10,499455.5555555555,1272029.9,1907.9,17120,10,1.3605300188064575
2021-04-12,ripple,285273,78.174,96.734,0.8841400000000013,500,528.1,2137.2,1379207.5,10,500822.22222222225,1269707.5,644,17370,10,1.4677350521087646
2021-04-13,ripple,286571,52.99599198396793,76.31062124248497,0.8530260521042079,499,522.6,2109.7,1389828.7,10,502433.3333333333,1281318.5,2082.222222222222,17810,10,1.7940009832382202
2021-04-14,ripple,287746,74.616,97.702,0.8635800000000011,500,487.5,1947.2,1400985.1,10,453544.4444444445,1299116,2249.5,18540,10,1.83923602104187
2021-04-15,ripple,288627,74.122,99.476,0.8650399999999995,500,668.4,2600.1,1411947.8,10,561750,2585660.8333333335,4168,32650,6,1.7660670280456543
2021-04-16,ripple,289567,53.88577154308617,80.66533066132264,0.8498196392785575,499,536.5,2206.6,1425918,10,379676.1666666667,1814860.5714285711,1442,25433,7,1.55752694606781
2021-04-17,ripple,290337,74.44,101.234,0.8720399999999999,500,552.5,2289.2,1435473.8,10,445264.75,2465491.4,5191.666666666667,34426.6,5,1.5600550174713137
2021-04-18,ripple,291204,54.300601202404806,80.70941883767534,0.8509819639278563,499,536.8,2280.8,1446481,10,320640.22222222225,1365555.7,2497.7,19183.7,10,1.4059979915618896
2021-04-19,ripple,292063,74.508,102.18,0.8745399999999995,500,552,2337.2,1455997,10,360529.22222222225,1366456.3,2612,20174,10,1.3150440454483032
2021-04-20,ripple,292798,74.296,103.436,0.8770199999999998,500,563.8,2387.3,1466290,10,361685.1111111111,1369221.4,2629.8,20294,10,1.3832989931106567
2021-04-21,ripple,293448,72.952,105.476,0.8782000000000016,500,492.5,2070.7,1475327,10,371073.8,2145116.8333333335,1069,30740.833333333332,6,1.2964979410171509
2021-04-22,ripple,294045,54.116,86.858,0.8590799999999997,500,355.6,1499.3,1483041,10,372295,2163956.8333333335,6135.666666666667,30958.333333333332,6,1.159682035446167
2021-04-23,ripple,294575,54.686,87.69,0.8597599999999995,500,372.3,1557.5,1489622,10,378593.3333333333,1391253.4,693.2857142857143,22890,10,1.169659972190857
2021-04-24,ripple,295092,73.646,108.344,0.8822799999999993,500,369.9,1581.9,1495878.5,10,237410.5,1893986.7142857143,3960.5,28936,7,1.0487060546875
2021-04-25,ripple,295585,73.588,109.152,0.8822999999999998,500,385.9,1646,1502010,10,320582.22222222225,1405909.8,3275.125,21155.5,10,1.032256007194519
2021-04-26,ripple,296102,54.318,87.67,0.8568999999999994,500,325.8,1466.2,1507858,10,321210.44444444444,1418281.8,2439.5714285714284,21396,10,1.3685059547424316
2021-04-27,ripple,296739,73.444,109.996,0.8827599999999993,500,342.4,1495.7,1514118,10,376167.77777777775,1383798.2,2800.375,21950,10,1.4009549617767334
2021-04-28,ripple,297234,73.036,110.758,0.8820399999999993,500,417.5,1743.4,1521632,10,378593.3333333333,1391253.4,693.2857142857143,22890,10,1.3586009740829468
2021-03-09,dogecoin,1207316,898.582,4808.914,0.9718599999999998,500,782.5714285714286,6406.714285714285,647381,7,2337522,479197.3,3248.3333333333335,582.7,10,0.05799800157546997
2021-03-10,dogecoin,1209302,900.322,4794.94,0.9722799999999998,500,783.4285714285714,6409.857142857143,649014,7,3308233.3333333335,641351.1666666666,4158,786.5,6,0.05600399896502495
2021-03-11,dogecoin,1210981,902.0541082164328,4772.0040080160325,0.9724448897795592,499,783.5714285714286,6406.857142857143,650690,7,2211415,450709,2773.6666666666665,547.8,10,0.05591800063848495
2021-03-12,dogecoin,1212170,904.7074148296592,4781.36873747495,0.9720240480961926,499,783.7142857142857,6406.428571428572,651829,7,2385633.3333333335,472062.5555555555,3136.7,592.4,10,0.05534899979829788
2021-03-13,dogecoin,1213449,906.8957915831664,4790.394789579158,0.9724248496994004,499,785,6405,653740,7,2385633.3333333335,472062.5555555555,3136.7,592.4,1,0.06243199855089187
2021-03-14,dogecoin,1215718,912.5301204819276,4789.429718875502,0.972208835341367,498,785.7142857142857,6404.714285714285,657321,7,2385633.3333333335,472062.5555555555,3136.7,592.4,1,0.05859199911355972
2021-03-15,dogecoin,1217045,914.632530120482,4787.755020080322,0.9719879518072292,498,785.8571428571429,6405,659611.4285714285,7,3449566.6666666665,658310.8333333334,3545.8333333333335,781,6,0.05708799883723259
2021-03-16,dogecoin,1218378,912.6807228915662,4734.096385542169,0.9721887550200824,498,785.7142857142857,6403.571428571428,661810,7,1806033.3333333333,389784.77777777775,1453.6,17088.88888888889,9,0.05860700085759163
2021-03-17,dogecoin,1219764,917.0764587525152,4734.955734406439,0.9721730382293762,497,783.8571428571429,6397.714285714285,663729,7,1806033.3333333333,389784.77777777775,1453.6,17088.88888888889,9,0.05765299871563911
2021-03-18,dogecoin,1220930,918.5070422535211,4740.967806841047,0.9726961770623748,497,783.8571428571429,6394.714285714285,666090,7,1967817,398372.5,2000.1,18650,10,0.05738300085067749
2021-03-19,dogecoin,1221692,919.7887323943662,4723.682092555332,0.9722132796780724,497,783.8571428571429,6391.857142857143,668172,7,2088986,415238.5,835.875,20820.1,10,0.05832799896597862
2021-03-20,dogecoin,1222443,921.7625754527164,4725.313883299798,0.9722736418511068,497,782.4285714285714,6392.571428571428,670066.8571428572,7,607285,195891.4,886.6,7890.2,10,0.05896100029349327
2021-03-21,dogecoin,1223020,918.4558232931728,4696.158634538153,0.971767068273096,498,782.4285714285714,6392.142857142857,671932,7,558181.1111111111,196931.7,840.1,7910.2,10,0.05723400041460991
2021-03-22,dogecoin,1223673,919.867469879518,4682.674698795181,0.9714257028112449,498,782.5714285714286,6390.857142857143,673462.2857142857,7,819780,249244.42857142855,1032.6,12914.285714285714,7,0.05496200174093246
2021-03-23,dogecoin,1224262,920.6847389558231,4665.915662650603,0.9708634538152606,498,1027.8,8386,674652,5,591809,210695.5,938.8,10450,10,0.05355599895119667
2021-03-24,dogecoin,1225026,922.5,4659.833333333333,0.9704417670682772,498,1028.4,8385.4,676824,5,481191,195445.6,974.3333333333334,8930,10,0.05170200020074844
2021-03-25,dogecoin,1225627,925.3253012048192,4643.146586345381,0.9701405622489956,498,1028.6,8386.6,678610,5,481554,169965.7,878.3333333333334,8060,10,0.05144799873232841
2021-03-26,dogecoin,1226121,927.1365461847388,4635.184738955823,0.9702008032128506,498,1027.4,8383.2,679881,5,474375,171422.7,783.1,7510,10,0.05395200103521347
2021-03-27,dogecoin,1226397,927.6506024096384,4633.931726907631,0.9697991967871482,498,1027,8382.6,681314,5,487647.5,136498.625,908.9,6730,10,0.0543770007789135
2021-03-28,dogecoin,1226801,928.6465863453816,4623.8674698795185,0.9699598393574296,498,1026.8,8379,682805,5,533031,140879.6,909.8,6740,10,0.05369799956679344
2021-03-29,dogecoin,1227186,928.6365461847388,4603.746987951808,0.9696787148594376,498,1025.2,8362.8,682682,5,500325,134164.3,904.4444444444443,5440,10,0.05405199900269508
2021-03-30,dogecoin,1227593,928.44578313253,4579.21686746988,0.9690160642570318,498,897.6666666666666,7195.166666666667,683320,6,661250,148253.8,880.5714285714286,5820,10,0.05389999970793724
2021-03-31,dogecoin,1228063,928.2309236947792,4561.70281124498,0.9691365461847428,498,947,7492,684703,6,661534,151089.1,781.6666666666666,5850,10,0.05365699902176857
2021-04-01,dogecoin,1229191,930.656626506024,4539.732931726908,0.968654618473895,498,954.8333333333334,7531.333333333333,688178,6,480527,113787.4,913.5555555555557,4500,10,0.06198599934577942
2021-04-02,dogecoin,1230088,930.5923694779116,4532.164658634538,0.9687148594377504,498,955.5,7547.666666666667,690838,6,481006,114803.7,919.1111111111112,4540,10,0.05766399949789047
2021-04-03,dogecoin,1230604,930.2831325301204,4523.2610441767065,0.9679718875502002,498,956.1666666666666,7556.666666666667,692792,6,632317,90224.2,807.8888888888889,3380,10,0.05580399930477142
2021-04-04,dogecoin,1231054,931.1666666666666,4510.35140562249,0.9672891566265054,498,957.1666666666666,7564.166666666667,694753,6,632798,93120.5,742.875,3640,10,0.05740400031208992
2021-04-05,dogecoin,1231510,930.2248995983936,4497.463855421687,0.9668072289156618,498,958.3333333333334,7569.333333333333,696774,6,659314.2857142857,132509.2857142857,816.4,5257.142857142857,7,0.0596960000693798
2021-04-06,dogecoin,1232316,931.1887550200804,4479.634538152611,0.9665261044176698,498,959.5,7578.166666666667,699117,6,488690,111109.9,763.625,4790,10,0.06445799767971039
2021-04-07,dogecoin,1233257,931.9016064257028,4465.791164658634,0.9675502008032124,498,959.8333333333334,7584.833333333333,701335,6,481720,109689.3,705.7777777777778,4270,10,0.05902799963951111
2021-04-08,dogecoin,1233675,935.710843373494,4464.843373493976,0.9671887550200798,498,960.3333333333334,7589.166666666667,702978,6,1806033.3333333333,389784.77777777775,1453.6,17088.88888888889,9,0.06146400049328804
2021-04-09,dogecoin,1234161,933.2725450901804,4464.969939879759,0.967655310621242,499,960.1666666666666,7595.333333333333,704923,6,1806033.3333333333,389784.77777777775,1453.6,17088.88888888889,9,0.06168400123715401
2021-04-10,dogecoin,1234682,933.5210420841684,4433.667334669339,0.9669138276553144,499,959.1666666666666,7598.5,706950,6,214000,77393.2,439.8333333333333,3590,10,0.06384500116109848
2021-04-11,dogecoin,1236967,933.428,4365.264,0.9687199999999992,500,962.8333333333334,7617,711774,6,224790,79968.8,460.75,3075.8,10,0.07464899867773056
2021-04-12,dogecoin,1238176,935.794,4378.788,0.9686199999999991,500,963.5,7621.666666666667,714230.1666666666,6,225150,83081.1,547.8,3088.6,10,0.07076700031757355
2021-04-13,dogecoin,1242028,941.298,4370.188,0.969740000000003,500,965.6666666666666,7639,718780,6,197040,85219,561.6,3820,10,0.09344500303268433
2021-04-14,dogecoin,1259209,963.404,4412.678,0.970939999999999,500,972.3333333333334,7692,734028,6,201600,101998.8,676.2222222222222,5160,10,0.12151700258255003
2021-04-15,dogecoin,1272713,992.964,4508.758,0.9713799999999992,500,1043.2,8389,746698,5,200020,101233.4,755.6666666666666,5030,10,0.18220700323581696
2021-04-16,dogecoin,1339979,276.262,2725.118,0.964900000000001,500,1061.6,8515,800598,5,423160,212968,1249,8140,5,0.3658699989318848
2021-04-17,dogecoin,1372224,1189.518,4739.492,0.9722999999999996,500,1069.2,8553.8,820207.8,5,1605360,201410.8,2540.5,10820,10,0.28417301177978516
2021-04-18,dogecoin,1396127,1224.268,4696.752,0.972400000000003,500,1076,8587.8,837579,5,1639490,242244.6,2635.8888888888887,12690,10,0.3204750120639801
2021-04-19,dogecoin,1431177,1095.424,2384.026,0.9719400000000004,500,1026.8,8154,864134.8,5,1775855.5555555555,273758.22222222225,2851.777777777778,14300,9,0.40731799602508545
2021-04-20,dogecoin,1473018,136.95983935742973,393.35341365461846,0.9477710843373492,498,1334.8,10820,905891,5,1240200,305060.375,3512.75,15225,8,0.31949999928474426
2021-04-21,dogecoin,1494278,1436.752,5078.86,0.9730599999999996,500,1375.2,11093,922407,5,2033000,326941.22222222225,2787.75,15355.555555555557,9,0.3069249987602234
2021-04-22,dogecoin,1511922,1476.526,5075.246,0.97296,500,1418.6,11224.8,935358,5,1227820,384308.6,2088.5,19860,5,0.2609669864177704
2021-04-23,dogecoin,1528615,1295.078,2277.454,0.9622400000000002,500,1442.8,11295.2,946371.4,5,1806033.3333333333,389784.77777777775,1453.6,17088.88888888889,9,0.2485090047121048
2021-04-24,dogecoin,1539298,1526.462,5073.582,0.9720999999999996,500,1461,11348.2,955551,5,1872455.5555555555,350159.3333333333,3444.4285714285716,16277.777777777776,9,0.27021199464797974
2021-04-25,dogecoin,1547238,1542.156,5051.802,0.9713799999999996,500,1488.6,11434,963469,5,1908850,393136.125,3291,17175,8,0.2511110007762909
2021-04-26,dogecoin,1553144,1554.79,5098.53,0.9708999999999997,500,1496.4,11471.8,970686,5,2189033.3333333335,430735.3333333333,5058.5,20066.666666666668,6,0.2706739902496338
2021-04-27,dogecoin,1560029,1558.274,5114.956,0.9707999999999994,500,1500.2,11493.8,977989,5,1838450,365123.8,2757.4444444444443,16430,10,0.2721880078315735
2021-04-28,dogecoin,1567989,1573.796,5104.038,0.9710399999999992,500,1502.2,9939.6,991938,5,1806033.3333333333,389784.77777777775,1453.6,17088.88888888889,9,0.3236820101737976
2021-03-07,chainlink,73544,9.217479674796747,44.13414634146341,0.9350813008130076,492,48.6,245.4,668491,10,324857.14285714284,69596.42857142857,759.75,4257.142857142857,7,28.5482120513916
2021-03-08,chainlink,73544,9.217479674796747,44.13414634146341,0.9350813008130076,492,48.6,245.4,668491,10,324857.14285714284,69596.42857142857,759.75,4257.142857142857,7,31.69816017150879
2021-03-09,chainlink,73544,9.217479674796747,44.13414634146341,0.9350813008130076,492,48.6,245.4,668491,10,324857.14285714284,69596.42857142857,759.75,4257.142857142857,7,31.499252319335938
2021-03-10,chainlink,73544,9.217479674796747,44.13414634146341,0.9350813008130076,492,48.6,245.4,668491,10,324857.14285714284,69596.42857142857,759.75,4257.142857142857,7,29.94671630859375
2021-03-11,chainlink,73544,9.217479674796747,44.13414634146341,0.9350813008130076,492,48.6,245.4,668491,10,324857.14285714284,69596.42857142857,759.75,4257.142857142857,7,30.07517433166504
2021-03-12,chainlink,73544,9.217479674796747,44.13414634146341,0.9350813008130076,492,48.6,245.4,668491,10,324857.14285714284,69596.42857142857,759.75,4257.142857142857,7,28.461523056030273
2021-03-13,chainlink,73544,9.217479674796747,44.13414634146341,0.9350813008130076,492,48.6,245.4,668491,10,324857.14285714284,69596.42857142857,759.75,4257.142857142857,7,29.779226303100582
2021-03-14,chainlink,73544,9.217479674796747,44.13414634146341,0.9350813008130076,492,48.6,245.4,668491,10,324857.14285714284,69596.42857142857,759.75,4257.142857142857,7,28.78942489624023
2021-03-15,chainlink,73544,9.217479674796747,44.13414634146341,0.9350813008130076,492,48.6,245.4,668491,10,324857.14285714284,69596.42857142857,759.75,4257.142857142857,7,27.491762161254883
2021-03-16,chainlink,73544,9.217479674796747,44.13414634146341,0.9350813008130076,492,48.6,245.4,668491,10,324857.14285714284,69596.42857142857,759.75,4257.142857142857,7,27.91741943359375
2021-03-17,chainlink,73544,9.217479674796747,44.13414634146341,0.9350813008130076,492,48.6,245.4,668491,10,324857.14285714284,69596.42857142857,759.75,4257.142857142857,7,31.0097599029541
2021-03-18,chainlink,73544,9.217479674796747,44.13414634146341,0.9350813008130076,492,48.6,245.4,668491,10,324857.14285714284,69596.42857142857,759.75,4257.142857142857,7,29.504812240600582
2021-03-19,chainlink,73544,9.217479674796747,44.13414634146341,0.9350813008130076,492,48.6,245.4,668491,10,324857.14285714284,69596.42857142857,759.75,4257.142857142857,7,29.909875869750977
2021-03-20,chainlink,73544,9.217479674796747,44.13414634146341,0.9350813008130076,492,48.6,245.4,668491,10,324857.14285714284,69596.42857142857,759.75,4257.142857142857,7,29.676925659179688
2021-03-21,chainlink,73544,9.217479674796747,44.13414634146341,0.9350813008130076,492,48.6,245.4,668491,10,324857.14285714284,69596.42857142857,759.75,4257.142857142857,7,29.272838592529297
2021-03-22,chainlink,73544,9.217479674796747,44.13414634146341,0.9350813008130076,492,48.6,245.4,668491,10,324857.14285714284,69596.42857142857,759.75,4257.142857142857,7,27.398113250732425
2021-03-23,chainlink,73544,9.217479674796747,44.13414634146341,0.9350813008130076,492,48.6,245.4,668491,10,324857.14285714284,69596.42857142857,759.75,4257.142857142857,7,26.915058135986328
2021-03-24,chainlink,73544,9.217479674796747,44.13414634146341,0.9350813008130076,492,48.6,245.4,668491,10,324857.14285714284,69596.42857142857,759.75,4257.142857142857,7,25.053884506225582
2021-03-25,chainlink,73544,9.217479674796747,44.13414634146341,0.9350813008130076,492,48.6,245.4,668491,10,324857.14285714284,69596.42857142857,759.75,4257.142857142857,7,25.696287155151367
2021-03-26,chainlink,73544,9.217479674796747,44.13414634146341,0.9350813008130076,492,48.6,245.4,668491,10,324857.14285714284,69596.42857142857,759.75,4257.142857142857,7,27.401567459106445
2021-03-27,chainlink,45364,8.785140562248996,50.899598393574294,0.9348594377510034,498,180.7,767.9,203761,10,245170,78043.3,943.8,4450,10,26.87954330444336
2021-03-28,chainlink,45462,8.815261044176706,51.05622489959839,0.9348795180722892,498,188,813.8,205354,10,261100,78418.1,815.7,4230,10,26.69699478149414
2021-03-29,chainlink,45565,8.845381526104418,51.54216867469879,0.936907630522089,498,184.8,822.5,204504.2,10,262000,78844.2,777.5555555555555,4250,10,28.052568435668945
2021-03-30,chainlink,45657,8.893574297188755,51.89558232931727,0.9351807228915664,498,173.2,784.4,205140,10,264200,79325,760.125,4240,10,27.904048919677734
2021-03-31,chainlink,45757,8.89558232931727,52.002008032128515,0.9359638554216873,498,151.8,709.4,206632,10,265410,79563.2,1061.888888888889,4560,10,29.351137161254883
2021-04-01,chainlink,45890,8.927565392354124,52.19718309859155,0.9345875251509052,497,137.2,628.7,208318,10,267700,79937.4,976.5,4560,10,30.233219146728516
2021-04-02,chainlink,45993,8.963855421686747,52.38353413654618,0.9340763052208833,498,169.6,717.9,210344,10,277200,80629.9,1029.7,4590,10,32.53324890136719
2021-04-03,chainlink,46134,9.012048192771084,52.70682730923695,0.9369477911646584,498,185.5,775.2,212199,10,278400,80993,1025,4600,10,29.534889221191406
2021-04-04,chainlink,46257,8.949799196787149,52.81726907630522,0.9341566265060236,498,193.9,814.8,213785,10,279900,81252.9,905.5555555555557,4620,10,30.9572811126709
2021-04-05,chainlink,46393,8.941767068273093,53.15261044176707,0.9380722891566264,498,213.4,903.2,215811,10,301333.3333333333,79697,987,4370,10,32.39665603637695
2021-04-06,chainlink,46544,8.947791164658634,53.636546184738954,0.9388955823293188,498,237.5,1000.5,217936,10,323888.8888888889,80237,726.2222222222222,4220,10,34.79787826538086
2021-04-07,chainlink,46692,8.995983935742972,53.769076305220885,0.9371686746987952,498,206.1,855.9,219589,10,370444.4444444445,86693.9,739.8,4410,10,31.17518424987793
2021-04-08,chainlink,46821,9.022044088176353,54.06613226452906,0.9398196392785586,499,181.3,732.5,221114,10,324857.14285714284,69596.42857142857,759.75,4257.142857142857,7,32.74489974975586
2021-04-09,chainlink,46926,9.08433734939759,54.18273092369478,0.938453815261044,498,182.3,743.6,222569,10,324857.14285714284,69596.42857142857,759.75,4257.142857142857,7,31.63246726989746
2021-04-10,chainlink,47033,9.16867469879518,54.3433734939759,0.9359638554216884,498,177.9,733.9,223973,10,300600,80346.1,920.8,4360,10,31.899261474609375
2021-04-11,chainlink,47186,9.226452905811623,54.40080160320641,0.9385971943887792,499,177.1,726.3,225413,10,290933.3333333333,70801.1,568.8888888888889,3100,10,33.91918182373047
2021-04-12,chainlink,47307,9.246492985971944,54.38076152304609,0.9378957915831662,499,178.2,725.8,226935,10,339571.4285714286,83910,733.8333333333334,4014.285714285714,7,33.10542678833008
2021-04-13,chainlink,47452,9.531062124248496,54.450901803607216,0.9389779559118232,499,176.2,760.8,228617,10,293222.22222222225,71322.1,604.2,3110,10,35.456634521484375
2021-04-14,chainlink,47668,9.587174348697395,54.74749498997996,0.937695390781563,499,187.4,806.9,230422,10,295766.6666666667,71608.2,604.5,3120,10,41.423709869384766
2021-04-15,chainlink,48044,9.783567134268536,55.97194388777555,0.940641282565132,499,276.6,1046.4,233008.1,10,294900,74629.4,746,3350,10,42.7531623840332
2021-04-16,chainlink,48321,9.909819639278558,56.95591182364729,0.9394388777555104,499,272.5,1013.2,235466,10,296777.77777777775,75265.7,637.7142857142857,3440,10,42.10155487060547
2021-04-17,chainlink,48592,9.965931863727455,57.21643286573146,0.936392785571144,499,277.3,1048.6,237058,10,493666.6666666667,128711.5,1719.3333333333333,6083.333333333333,6,40.372066497802734
2021-04-18,chainlink,48902,10.01002004008016,57.675350701402806,0.9403807615230476,499,286,1080.7,238846,10,324857.14285714284,69596.42857142857,759.75,4257.142857142857,7,39.06591033935547
2021-04-19,chainlink,49168,9.993987975951905,57.99799599198397,0.9438877755511018,499,160.5,727.6,240660,10,378888.8888888889,97345.4,1261.9473684210527,4315.1,20,35.8793830871582
2021-04-20,chainlink,49355,9.957915831663328,58.124248496993985,0.9395791583166349,499,163.3,732.6,242284,10,324857.14285714284,69596.42857142857,759.75,4257.142857142857,7,38.95063400268555
2021-04-21,chainlink,49596,9.967935871743489,58.5751503006012,0.9405210420841682,499,160,686.2,244184,10,386666.6666666667,91397.15,1163.2105263157894,3925.1,20,36.43635940551758
2021-04-22,chainlink,49784,10.004008016032063,58.91382765531062,0.9388577154308636,499,188.9,797.8,245602,10,372100,88255.8,1241,3960,10,35.23340606689453
2021-04-23,chainlink,49956,10.01002004008016,59.23246492985972,0.9398797595190372,499,189.9,808.4,246675.8,10,324857.14285714284,69596.42857142857,759.75,4257.142857142857,7,35.05847930908203
2021-04-24,chainlink,50122,10.022044088176353,59.276553106212425,0.9384368737474954,499,213.5,905.1,247949,10,324300,71871,791.4444444444445,3840,10,31.125198364257812
2021-04-25,chainlink,50287,10.060120240480964,59.62124248496994,0.9390380761523044,499,212.9,915.3,249035,10,280400,61528.9,746.25,3360,10,31.540620803833008
2021-04-26,chainlink,50440,10.008016032064129,59.699398797595194,0.9389378757515024,499,222.2,941.1,250414,10,336666.6666666667,75759.16666666667,771,4016.6666666666665,6,35.135986328125
2021-04-27,chainlink,50594,10.094188376753507,59.8937875751503,0.9405210420841678,499,217.1,911.7,252096,10,284600,61805.6,799.5714285714286,3430,10,36.808067321777344
2021-04-28,chainlink,50755,10.044088176352703,60.17635270541082,0.9385771543086168,499,219,961.1,253799,10,324857.14285714284,69596.42857142857,759.75,4257.142857142857,7,36.2208366394043
2021-03-07,monero,245692,59.94897959183673,93.73061224489796,0.913775510204081,490,29.4,126.5,460576,10,240775,53535.5,476.22222222222223,3185.1,10,208.65786743164065
2021-03-08,monero,245692,59.94897959183673,93.73061224489796,0.913775510204081,490,29.4,126.5,460576,10,240775,53535.5,476.22222222222223,3185.1,10,221.00718688964844
2021-03-09,monero,245692,59.94897959183673,93.73061224489796,0.913775510204081,490,29.4,126.5,460576,10,240775,53535.5,476.22222222222223,3185.1,10,225.2548828125
2021-03-10,monero,245692,59.94897959183673,93.73061224489796,0.913775510204081,490,29.4,126.5,460576,10,240775,53535.5,476.22222222222223,3185.1,10,220.6626434326172
2021-03-11,monero,245692,59.94897959183673,93.73061224489796,0.913775510204081,490,29.4,126.5,460576,10,240775,53535.5,476.22222222222223,3185.1,10,221.27403259277344
2021-03-12,monero,245692,59.94897959183673,93.73061224489796,0.913775510204081,490,29.4,126.5,460576,10,240775,53535.5,476.22222222222223,3185.1,10,223.36390686035156
2021-03-13,monero,245692,59.94897959183673,93.73061224489796,0.913775510204081,490,29.4,126.5,460576,10,240775,53535.5,476.22222222222223,3185.1,10,238.4652557373047
2021-03-14,monero,245692,59.94897959183673,93.73061224489796,0.913775510204081,490,29.4,126.5,460576,10,240775,53535.5,476.22222222222223,3185.1,10,233.17828369140625
2021-03-15,monero,245692,59.94897959183673,93.73061224489796,0.913775510204081,490,29.4,126.5,460576,10,240775,53535.5,476.22222222222223,3185.1,10,222.28562927246097
2021-03-16,monero,245692,59.94897959183673,93.73061224489796,0.913775510204081,490,29.4,126.5,460576,10,240775,53535.5,476.22222222222223,3185.1,10,229.43711853027344
2021-03-17,monero,245692,59.94897959183673,93.73061224489796,0.913775510204081,490,29.4,126.5,460576,10,240775,53535.5,476.22222222222223,3185.1,10,236.02256774902344
2021-03-18,monero,245692,59.94897959183673,93.73061224489796,0.913775510204081,490,29.4,126.5,460576,10,240775,53535.5,476.22222222222223,3185.1,10,231.32943725585935
2021-03-19,monero,245692,59.94897959183673,93.73061224489796,0.913775510204081,490,29.4,126.5,460576,10,240775,53535.5,476.22222222222223,3185.1,10,232.81748962402344
2021-03-20,monero,245692,59.94897959183673,93.73061224489796,0.913775510204081,490,29.4,126.5,460576,10,240775,53535.5,476.22222222222223,3185.1,10,235.62660217285156
2021-03-21,monero,245692,59.94897959183673,93.73061224489796,0.913775510204081,490,29.4,126.5,460576,10,240775,53535.5,476.22222222222223,3185.1,10,233.20999145507812
2021-03-22,monero,245692,59.94897959183673,93.73061224489796,0.913775510204081,490,29.4,126.5,460576,10,240775,53535.5,476.22222222222223,3185.1,10,219.7901306152344
2021-03-23,monero,245692,59.94897959183673,93.73061224489796,0.913775510204081,490,29.4,126.5,460576,10,240775,53535.5,476.22222222222223,3185.1,10,218.82009887695312
2021-03-24,monero,245692,59.94897959183673,93.73061224489796,0.913775510204081,490,29.4,126.5,460576,10,240775,53535.5,476.22222222222223,3185.1,10,211.70570373535156
2021-03-25,monero,245692,59.94897959183673,93.73061224489796,0.913775510204081,490,29.4,126.5,460576,10,240775,53535.5,476.22222222222223,3185.1,10,213.7899169921875
2021-03-26,monero,245692,59.94897959183673,93.73061224489796,0.913775510204081,490,29.4,126.5,460576,10,240775,53535.5,476.22222222222223,3185.1,10,222.5076141357422
2021-03-27,monero,206373,33.76565656565656,89.21414141414141,0.8956565656565654,495,35.9,187,377367.8,10,40351.2,11141.3,202.9,739.5,10,224.5085906982422
2021-03-28,monero,206591,34.153535353535354,90.04242424242425,0.8945050505050502,495,38.6,198.6,378072,10,130733,21147,359.8,1496.2,10,233.97366333007812
2021-03-29,monero,206814,34.54343434343434,91.77373737373738,0.8954343434343438,495,40.9,208.2,377557,10,131054,23004.5,382.1,1593.1,10,234.8050994873047
2021-03-30,monero,207018,34.6,93.28888888888888,0.8955757575757584,495,42.4,220.6,377552,10,106650,22816.5,381.2,1612.1,10,245.47076416015625
2021-03-31,monero,207203,35.07070707070707,94.73535353535354,0.8939191919191914,495,37.7,194.5,378137,10,107390,23994.4,385.25,1655,10,246.15054321289065
2021-04-01,monero,207342,35.12323232323232,94.66060606060606,0.8929494949494945,495,33.8,174.1,378779,10,100155,20950.1,304,1316.9,10,252.49581909179688
2021-04-02,monero,207502,35.36161616161616,94.4969696969697,0.890464646464646,495,37.5,183.5,379485,10,121178,24338.2,336.8,1393,10,260.850830078125
2021-04-03,monero,207683,35.57373737373737,94.93131313131312,0.893474747474747,495,34.1,171.8,380115,10,127232,24894.9,379.1111111111111,1450,10,260.88836669921875
2021-04-04,monero,207875,35.773737373737376,95.8080808080808,0.8921414141414139,495,39.4,193.9,380800,10,128064,25354.2,348.2,1464.1,10,261.9903259277344
2021-04-05,monero,208070,35.98585858585859,94.64646464646464,0.8921212121212118,495,44.7,221.5,381521,10,238020,45861.8,1123.5,2671.2,5,263.92266845703125
2021-04-06,monero,208288,35.86088709677419,94.68145161290325,0.8918346774193542,496,36.3,188.8,382246,10,201428.57142857145,36537.42857142857,515,2385.1428571428573,7,271.0430908203125
2021-04-07,monero,208513,36.05691056910569,95.5020325203252,0.8937601626016256,492,37,191.6,382838,10,140690,26838.4,128,1487.6,10,257.74285888671875
2021-04-08,monero,208703,36.598377281947265,97.35699797160244,0.8912778904665336,493,41,187.4,383406,10,240775,53535.5,476.22222222222223,3185.1,10,269.9962463378906
2021-04-09,monero,208885,36.99797160243408,99.1683569979716,0.8934888438133869,493,43.3,194.9,383917,10,240775,53535.5,476.22222222222223,3185.1,10,273.8375549316406
2021-04-10,monero,209075,36.84787018255578,99.48073022312371,0.89030425963489,493,44.1,199.5,384391,10,169694.44444444444,30979.88888888889,404.9,2486.1,10,292.8656921386719
2021-04-11,monero,209353,36.81947261663286,100.85192697768764,0.8915415821501009,493,44.4,200.6,385034,10,173957,42576.1,416.8,2690,10,327.3172607421875
2021-04-12,monero,209623,36.72819472616633,101.4685598377282,0.8905476673427989,493,47,215.2,385623,10,174798,45000.5,191,2791.8,10,315.5390625
2021-04-13,monero,209831,37.105476673427994,103.0182555780933,0.8893306288032472,493,49,224.5,386196,10,184366.66666666663,52679.333333333336,459.57142857142856,3182.222222222222,9,327.2176513671875
2021-04-14,monero,210065,36.95131845841785,104.35496957403652,0.8928397565922918,493,49.2,225.4,386822,10,172411,47456.5,426.4,2923.7,10,321.6600646972656
2021-04-15,monero,210310,36.96551724137931,105.71399594320486,0.8912373225152127,493,58.9,278,387616.6,10,226614.2857142857,65372,606.8,4034.571428571429,7,344.2444763183594
2021-04-16,monero,210548,37.046653144016226,106.66937119675455,0.8934279918864104,493,62.2,298.4,388521,10,228757.14285714287,66664.14285714286,272.4,4037,7,341.7403564453125
2021-04-17,monero,210828,37.18458417849899,107.55375253549695,0.892819472616634,493,63.5,304.6,389212,10,266666.6666666667,77199,162,4702,6,367.4986267089844
2021-04-18,monero,211116,37.26369168356998,109.1237322515213,0.8933062880324554,493,66.8,344.3,390081,10,203500,50849.6,466.9,3147,10,337.78582763671875
2021-04-19,monero,211378,37.321862348178136,109.3744939271255,0.8976518218623484,494,69.5,362.8,390707,10,205100,51662.1,469.1,3154.3,10,355.6329040527344
2021-04-20,monero,211734,37.56275303643725,110.62955465587044,0.8967408906882588,494,60.4,341.1,391571.7,10,244685.7142857143,57745.555555555555,504.1111111111111,3433,9,401.2078857421875
2021-04-21,monero,212121,38.026315789473685,111.40080971659918,0.8960323886639675,494,62.1,347.5,392364,10,222880,49035.27272727273,425.7,2873.3636363636365,11,379.7809753417969
2021-04-22,monero,212396,37.98582995951417,111.36032388663968,0.8970040485829973,494,62.1,348.6,392853,10,230600,58864.555555555555,93.75,3471.4444444444443,9,348.03997802734375
2021-04-23,monero,212639,37.92914979757085,111.6842105263158,0.896801619433198,494,69,387.2,393381,10,240775,53535.5,476.22222222222223,3185.1,10,354.8834228515625
2021-04-24,monero,212970,37.85020242914979,111.7004048582996,0.8948178137651815,494,75.1,434,394074,10,240211.11111111112,55249.2,213,3146.9,10,380.5138549804687
2021-04-25,monero,213257,38.06072874493927,111.91295546558705,0.8978340080971655,494,75.7,436.7,394707,10,279800,69896,67,4133.142857142857,7,355.37060546875
2021-04-26,monero,213490,38.135627530364374,112.1497975708502,0.8990283400809715,494,74.2,431.9,395337,10,281800,70937.71428571429,519.5714285714286,4139.285714285715,7,402.4095764160156
2021-04-27,monero,213789,38.35222672064777,112.81174089068826,0.8975506072874491,494,74.6,433.9,395938,10,206800,52934.9,443.375,3079.8,10,402.7659301757813
2021-04-28,monero,214032,38.41497975708502,112.9838056680162,0.8984412955465583,494,75.1,436.4,396533,10,240775,53535.5,476.22222222222223,3185.1,10,414.4804992675781
2021-04-01,filecoin,8329,9.151020408163266,9.493877551020407,0.8591020408163264,490,29.2,139,67265,10,170266.66666666666,25986,442.5,1816.2222222222224,10,188.1786193847656
2021-04-02,filecoin,8679,8.05811623246493,9.182364729458918,0.8638476953907812,499,37.1,179.7,68480.5,10,192900,30454,437.7,2255.5555555555557,10,171.9756317138672
2021-04-03,filecoin,8878,8.382,9.268,0.8573199999999999,500,47.8,231.6,69285,10,193850,31844.222222222223,482.25,2311.3333333333335,10,178.85218811035156
2021-04-04,filecoin,9023,8.784,9.7,0.8591399999999997,500,47.7,233.7,69813,10,193733.33333333337,34438.6,380,2325.6666666666665,10,183.77664184570312
2021-04-05,filecoin,9115,8.91,9.786,0.8518799999999996,500,46.3,235,70414,10,206842.85714285713,44052,528.6666666666666,2600,7,176.7781982421875
2021-04-06,filecoin,9199,9.164,9.844,0.8537999999999998,500,44.7,224.5,70950,10,272833.3333333333,55373.333333333336,819.4,3400,6,166.02606201171875
2021-04-07,filecoin,9327,9.5,10.084,0.8507999999999998,500,20.2,102.4,71424,10,202544.44444444444,41448.1,549.1,2833.3333333333335,10,156.49478149414062
2021-04-08,filecoin,9400,9.694,10.258,0.85048,500,18.9,78.6,72011,10,132020,39773.2,605.5,2280.5,10,154.59666442871094
2021-04-09,filecoin,9478,9.72,10.344,0.8535999999999999,500,24.9,102.5,72624,10,132020,39773.2,605.5,2280.5,10,172.51986694335938
2021-04-10,filecoin,9564,9.782,10.322,0.8505200000000004,500,30.8,122.7,73133.9,10,193070,47161.1,529.2,2790,10,174.75537109375
2021-04-11,filecoin,9605,10.006,10.538,0.8489399999999998,500,27.4,111.1,73570,10,193900,47848.6,651.5555555555555,2810,10,179.18431091308594
2021-04-12,filecoin,9650,10.124,10.772,0.8490199999999998,500,30.4,120.7,73994,10,272300,65748.83333333333,572,3550,6,168.17828369140625
2021-04-13,filecoin,9708,10.372,10.956,0.8495800000000004,500,22.7,91.9,74499,10,196030,48596.9,603.7142857142857,2830,10,163.9652099609375
2021-04-14,filecoin,9764,10.414,10.952,0.84474,500,24,99.7,74963,10,197690,48940.9,626.7777777777778,2830,10,168.1937713623047
2021-04-15,filecoin,9827,10.554,10.984,0.8405799999999995,500,18.2,82.1,75396,10,198780,49112,734.2,2830,10,171.2221221923828
2021-04-16,filecoin,9905,10.684,11.346,0.8414999999999999,500,20.9,85.9,75960,10,200470,49348.9,614.3333333333334,2830,10,183.25384521484375
2021-04-17,filecoin,9980,10.794,11.408,0.8400199999999998,500,21.6,88.1,76309,10,202100,49551.6,581.8571428571429,2840,10,182.68865966796875
2021-04-18,filecoin,10041,10.89,11.628,0.8429199999999997,500,15,67,76691,10,179030,44192,610.4444444444445,2377.1,10,156.309326171875
2021-04-19,filecoin,10076,10.926,11.618,0.8401599999999999,500,15.1,66.8,77040,10,180660,44453.9,560.8,2390.1,10,154.8578338623047
2021-04-20,filecoin,10136,11.008,11.646,0.83928,500,10.8,44.4,77360,10,132020,39773.2,605.5,2280.5,10,153.70164489746094
2021-04-21,filecoin,10169,11.076,11.742,0.8449800000000001,500,12.8,51.9,77738.7,10,183045,44785.4,479,2398.75,20,148.27786254882812
2021-04-22,filecoin,10207,11.188,11.794,0.8425999999999999,500,12.9,52.1,77918,10,185040,45070.4,659.875,2416.3,10,145.82623291015625
2021-04-23,filecoin,10252,11.31,11.776,0.8437,500,12.7,55,78123,10,132020,39773.2,605.5,2280.5,10,138.89479064941406
2021-04-24,filecoin,10302,11.41,11.806,0.8419599999999996,500,16.9,65.8,78429,10,287833.3333333333,65419.666666666664,908.75,3583.3333333333335,6,133.53948974609375
2021-04-25,filecoin,10338,11.498,11.874,0.8388600000000002,500,17.4,76.2,78804,10,189260,45516.8,477.3333333333333,2420.2,10,133.92662048339844
2021-04-26,filecoin,10374,11.56,11.878,0.8431599999999999,500,20.5,86.8,79087,10,200690,48168,751.7142857142857,2573.7,10,154.2904052734375
2021-04-27,filecoin,10415,11.626,12,0.8458799999999996,500,19.3,78.3,79350,10,203790,50278.1,751.125,2686.3,10,152.28695678710938
2021-04-28,filecoin,10455,11.696,12.074,0.8492799999999995,500,16.2,62.3,79661,10,132020,39773.2,605.5,2280.5,10,150.94000244140625
2021-03-07,tezos,65907,18.792,66.482,0.9385399999999992,500,81.6,320.2,237335,10,54136,15341.2,165.625,1129.4,10,4.187026023864746
2021-03-08,tezos,65907,18.792,66.482,0.9385399999999992,500,81.6,320.2,237335,10,54136,15341.2,165.625,1129.4,10,4.391723155975342
2021-03-09,tezos,65907,18.792,66.482,0.9385399999999992,500,81.6,320.2,237335,10,54136,15341.2,165.625,1129.4,10,4.466976165771484
2021-03-10,tezos,65907,18.792,66.482,0.9385399999999992,500,81.6,320.2,237335,10,54136,15341.2,165.625,1129.4,10,4.167017936706543
2021-03-11,tezos,65907,18.792,66.482,0.9385399999999992,500,81.6,320.2,237335,10,54136,15341.2,165.625,1129.4,10,4.12060022354126
2021-03-12,tezos,65907,18.792,66.482,0.9385399999999992,500,81.6,320.2,237335,10,54136,15341.2,165.625,1129.4,10,3.983421087265014
2021-03-13,tezos,65907,18.792,66.482,0.9385399999999992,500,81.6,320.2,237335,10,54136,15341.2,165.625,1129.4,10,4.1713480949401855
2021-03-14,tezos,65907,18.792,66.482,0.9385399999999992,500,81.6,320.2,237335,10,54136,15341.2,165.625,1129.4,10,3.973217010498047
2021-03-15,tezos,65907,18.792,66.482,0.9385399999999992,500,81.6,320.2,237335,10,54136,15341.2,165.625,1129.4,10,3.835115909576416
2021-03-16,tezos,65907,18.792,66.482,0.9385399999999992,500,81.6,320.2,237335,10,54136,15341.2,165.625,1129.4,10,4.0291290283203125
2021-03-17,tezos,65907,18.792,66.482,0.9385399999999992,500,81.6,320.2,237335,10,54136,15341.2,165.625,1129.4,10,4.401203155517578
2021-03-18,tezos,65907,18.792,66.482,0.9385399999999992,500,81.6,320.2,237335,10,54136,15341.2,165.625,1129.4,10,4.287676811218262
2021-03-19,tezos,65907,18.792,66.482,0.9385399999999992,500,81.6,320.2,237335,10,54136,15341.2,165.625,1129.4,10,4.251573085784912
2021-03-20,tezos,65907,18.792,66.482,0.9385399999999992,500,81.6,320.2,237335,10,54136,15341.2,165.625,1129.4,10,4.372607231140137
2021-03-21,tezos,65907,18.792,66.482,0.9385399999999992,500,81.6,320.2,237335,10,54136,15341.2,165.625,1129.4,10,4.181526184082031
2021-03-22,tezos,65907,18.792,66.482,0.9385399999999992,500,81.6,320.2,237335,10,54136,15341.2,165.625,1129.4,10,4.093167781829834
2021-03-23,tezos,65907,18.792,66.482,0.9385399999999992,500,81.6,320.2,237335,10,54136,15341.2,165.625,1129.4,10,4.152113914489746
2021-03-24,tezos,65907,18.792,66.482,0.9385399999999992,500,81.6,320.2,237335,10,54136,15341.2,165.625,1129.4,10,4.037398815155029
2021-03-25,tezos,65907,18.792,66.482,0.9385399999999992,500,81.6,320.2,237335,10,54136,15341.2,165.625,1129.4,10,3.9453139305114746
2021-03-26,tezos,65907,18.792,66.482,0.9385399999999992,500,81.6,320.2,237335,10,54136,15341.2,165.625,1129.4,10,4.215311050415039
2021-03-27,tezos,40042,15.468,61.896,0.9358,500,40.4,196.8,97239,10,24186.4,7853.3,59.1,316.6,10,4.129133224487305
2021-03-28,tezos,40104,15.604,61.766,0.9345199999999996,500,45.9,211.9,97576,10,25586,7758.4,62.9,330.6,10,4.252867221832275
2021-03-29,tezos,40173,15.738,61.566,0.93386,500,47.8,219.7,97120,10,24228,6174.2,53.666666666666664,264.8,10,4.589760780334473
2021-03-30,tezos,40241,15.98,61.156,0.9330800000000012,500,50.2,225.2,97197,10,21843,6219,46.166666666666664,258.4,10,4.593999862670898
2021-03-31,tezos,40308,15.988,60.936,0.9351200000000002,500,57.142857142857146,217.8571428571429,97557,7,27352,5344.1,47,196.6,10,4.856900215148926
2021-04-01,tezos,40408,15.914,61.284,0.93592,500,58.285714285714285,220.1428571428571,97955,7,23909.6,4872.4,38.2,192.3,10,5.161215782165527
2021-04-02,tezos,40483,15.654,61.68,0.93562,500,51.875,197.75,98370,8,20892.6,4614.6,49.666666666666664,162.2,10,5.369715213775635
2021-04-03,tezos,40569,15.658,61.204,0.9342399999999996,500,53.625,206.625,98709,8,21047.7,4672.4,47.6,164.1,10,4.853260040283203
2021-04-04,tezos,40662,15.65,61.24,0.93482,500,54.75,209.25,98968,8,21246.8,4717.3,55,165.6,10,5.201882839202881
2021-04-05,tezos,40799,15.386,60.84,0.93652,500,55.125,210.375,99399,8,24474.285714285714,5819.428571428572,46.5,187.57142857142856,7,6.041006088256836
2021-04-06,tezos,40936,15.262,61.286,0.9358399999999996,500,66.83333333333333,251.33333333333337,99757,6,24730,6873.666666666667,104,322,6,6.205634117126465
2021-04-07,tezos,41007,15.378,61.712,0.9351,500,26.25,119.75,99970,4,24287,5440.3,45.285714285714285,275.1,10,5.529050827026367
2021-04-08,tezos,41067,15.428,62.082,0.9355200000000008,500,43.6,168.4,100267,5,54136,15341.2,165.625,1129.4,10,6.1492719650268555
2021-04-09,tezos,41162,15.504,62.002,0.9342399999999996,500,52.285714285714285,180.71428571428572,100666,7,54136,15341.2,165.625,1129.4,10,6.744160175323486
2021-04-10,tezos,41278,15.476,61.984,0.9362200000000012,500,63.666666666666664,217.16666666666663,101067,6,30191.11111111111,6600,70.85714285714286,346.55555555555554,9,6.5576300621032715
2021-04-11,tezos,41382,15.506,62.126,0.93498,500,63.666666666666664,219.5,101366,6,28970,6768.5,60.1,329.6,10,6.470476150512695
2021-04-12,tezos,41446,15.408,62.124,0.93616,500,51.55555555555556,180.66666666666663,101643,9,31546.666666666668,7288.111111111111,62.6,339,9,6.285299777984619
2021-04-13,tezos,41556,15.438,62.284,0.936180000000002,500,48.7,162.9,102016,10,31737.777777777777,7353.111111111111,37.333333333333336,339.8888888888889,9,6.543838977813721
2021-04-14,tezos,41629,15.266,61.856,0.93572,500,42.4,143.3,102356,10,29028,6977.9,44.8,314.3,10,6.58460807800293
2021-04-15,tezos,41749,15.236,62.17,0.9344599999999998,500,39,138.875,102782,8,33772.5,7444.555555555556,53.666666666666664,340.44444444444446,9,6.811093807220459
2021-04-16,tezos,41907,15.48,63.03,0.9354000000000012,500,50.2,184.1,103277,10,30857.14285714286,8161,76.85714285714286,409.625,8,7.234021186828613
2021-04-17,tezos,42059,15.616,63.71,0.93436,500,53.9,197.5,103618,10,27162.222222222223,7634.2,53.5,370.3,10,7.137826919555664
2021-04-18,tezos,42209,15.574,64.292,0.9361600000000012,500,57,202.9,103964,10,24708,5573.7,63.4,364.1,10,6.1657609939575195
2021-04-19,tezos,42313,15.54,63.612,0.9355600000000018,500,56.5,208,104280,8,24890,5640.3,63.7,366.3,10,5.463685035705566
2021-04-20,tezos,42475,15.676,65.068,0.9355800000000002,500,51.4,196.4,104593,5,25037,5689.5,70.22222222222223,368.3,10,5.697752952575684
2021-04-21,tezos,42656,15.464,65.11,0.93844,500,54.5,205,104961,4,28465,6176,62,431.25,8,5.349398136138916
2021-04-22,tezos,42831,15.474,65.302,0.9371200000000008,500,54,156,105249,1,53880,12459.4,136.5,969.8,10,4.937912940979004
2021-04-23,tezos,42935,15.46,64.924,0.9376800000000004,500,33.333333333333336,104,105472,3,54136,15341.2,165.625,1129.4,10,4.811355113983154
2021-04-24,tezos,43063,15.372,65.606,0.93922,500,38,122.66666666666669,105723,3,54990,15068,245.1428571428571,1040.3,10,4.4359002113342285
2021-04-25,tezos,43181,15.456,65.836,0.9396400000000004,500,60.75,177,105975,4,55420,15248.3,172.11111111111111,1070.7,10,4.443976879119873
2021-04-26,tezos,43310,15.132,66.174,0.9393000000000004,500,79.2,240.6,106392,5,60011.11111111111,16536.222222222223,201,1154.6666666666667,9,5.224985122680664
2021-04-27,tezos,43437,15.056,66.354,0.9399,500,73.16666666666667,235.5,106731,6,73450,21936,275.8333333333333,1598.3333333333333,6,5.430026054382324
2021-04-28,tezos,43534,15.218,66.812,0.9406199999999996,500,75.2,251.2,107077,5,54136,15341.2,165.625,1129.4,10,5.246065139770508
2021-03-09,stellar,159363,96.85170340681364,107.37274549098196,0.9604809619238474,499,45.5,191.5,707044,10,78786.66666666667,57068.1,541.8,77.1,10,0.43264999985694885
2021-03-10,stellar,159631,97.16032064128257,108.19639278557116,0.9609619238476949,499,45.5,191.5,707044,10,79254.44444444444,57297.1,549.4444444444445,78,10,0.410768985748291
2021-03-11,stellar,159848,97.0440881763527,108.32064128256512,0.9592585170340676,499,45.5,191.5,707044,10,127407,72180.2,626.6,89.2,10,0.4059000015258789
2021-03-12,stellar,160059,97.68336673346694,108.98597194388778,0.9595390781563125,499,45.5,191.5,707044,10,82420,58253.6,622.9,87,10,0.38787099719047546
2021-03-13,stellar,160295,98.52104208416834,109.78557114228455,0.9592985971943884,499,45.5,191.5,707044,10,94066.66666666669,53059.7,514.4285714285714,72.9,10,0.40826401114463806
2021-03-14,stellar,160611,99,110.33266533066131,0.9592384769539106,499,32.9,163.7,441419,10,102000,61979.833333333336,659.8333333333334,61.333333333333336,6,0.3915329873561859
2021-03-15,stellar,160868,99.5250501002004,110.70340681362724,0.961022044088176,499,42.7,198,444521,10,98844.44444444444,52221.4,642.2,53.6,10,0.3854990005493164
2021-03-16,stellar,161140,99.7875751503006,112.07214428857716,0.9595390781563125,499,50.7,211.8,445385,10,70342.85714285714,40689.1,335,1683.7,10,0.3957470059394837
2021-03-17,stellar,161431,100.18236472945893,112.75350701402806,0.9602404809619264,499,54.1,233.5,447922,10,70342.85714285714,40689.1,335,1683.7,10,0.4047439992427826
2021-03-18,stellar,161711,100.61923847695392,112.47094188376754,0.9601402805611222,499,60.8,261.7,449977,10,147581,60414.4,541.6666666666666,2737.1,10,0.39760899543762207
2021-03-19,stellar,162051,101.0120240480962,113.30460921843688,0.959959919839679,499,60.8,264.2,451175,10,181566.66666666663,79478.16666666667,600.2,3283.3333333333335,6,0.3983280062675476
2021-03-20,stellar,162311,101.83567134268536,113.44488977955912,0.9619438877755522,499,61.1,264.9,452649,10,96992,41581.6,504,2177.2,10,0.4174880087375641
2021-03-21,stellar,162601,102.3867735470942,114.2004008016032,0.9619839679358744,499,61.4,265.2,454078,10,101666.66666666669,45925.166666666664,688,2366.6666666666665,6,0.4049989879131317
2021-03-22,stellar,162832,102.29518072289156,113.75502008032127,0.9588955823293184,498,68.6,290.5,455257,10,101850,46068.833333333336,429.25,2366.6666666666665,6,0.39673998951911926
2021-03-23,stellar,163015,102.3413654618474,113.83534136546184,0.9605421686747012,498,82.6,339.8,455897,10,99724,40506,511.5,2177.4,10,0.400085985660553
2021-03-24,stellar,163453,101.79317269076306,114.16265060240964,0.95823293172691,498,86.6,346.9,457697,10,106171.42857142857,44569.857142857145,487.6666666666667,2400,7,0.3686389923095703
2021-03-25,stellar,163652,102.81526104417672,115.31726907630522,0.96178714859438,498,97.375,376.75,458688,8,86574,38480.2,366.8,1953.2,10,0.3659000098705292
2021-03-26,stellar,163782,102.56626506024097,115.68875502008032,0.9596586345381526,498,93.28571428571428,378.7142857142857,459543.28571428574,7,84634,39790.9,487.44444444444446,2006.2,10,0.3875049948692322
2021-03-27,stellar,163930,103.21887550200805,116.25502008032127,0.9606827309236944,498,94.42857142857144,385.42857142857144,460643,7,84644,39818.1,509.7,2006.8,10,0.3847219944000244
2021-03-28,stellar,164153,102.91767068273091,117.23895582329315,0.9604819277108428,498,95.57142857142856,388.42857142857144,461738,7,84905,39863.9,542.3333333333334,2007.5,10,0.39934098720550537
2021-03-29,stellar,164331,103.38955823293172,117.0160642570281,0.9606425702811242,498,86,340.85714285714283,460421,7,74340,32225.9,438.1,1625.6,10,0.4078829884529114
2021-03-30,stellar,164519,102.32329317269075,118.46385542168674,0.9597991967871512,498,69.375,281.25,460342,8,173300,60994.2,662.2222222222222,2836.1,10,0.4059410095214844
2021-03-31,stellar,164680,102.93373493975903,119.14257028112448,0.9602409638554216,498,72.625,294.625,461497,8,162776,58316.8,577.4,2591.9,10,0.41089800000190735
2021-04-01,stellar,164863,101.9437751004016,119.4718875502008,0.9570481927710844,498,77.125,314.5,463397,8,59773.333333333336,24088.6,372.8,1256.2,10,0.43251198530197144
2021-04-02,stellar,165118,103.215291750503,120.48088531187123,0.9597987927565388,497,73.88888888888889,307.44444444444446,465356,9,62370,24222.9,379.8,1235.1,10,0.4465849995613098
2021-04-03,stellar,165359,104.14056224899598,121.5983935742972,0.9594578313253008,498,76.88888888888889,317.44444444444446,466901.22222222225,9,74333.75,28260.8,408.8888888888889,1371.5,10,0.4180540144443512
2021-04-04,stellar,165580,104.65392354124748,122.35613682092556,0.9602213279678068,497,78,319.77777777777777,468576,9,74621.25,29939.666666666668,329.3333333333333,1509.6666666666667,9,0.4378069937229157
2021-04-05,stellar,165975,104.87726358148892,122.86519114688129,0.9598792756539232,497,79,321.77777777777777,470853,9,62245,27979,292.6,1351.5,8,0.5363669991493225
2021-04-06,stellar,166459,105.47082494969818,122.59154929577464,0.9591951710261568,497,67,276.8,473732,10,74500,31642.666666666668,273,1715.1666666666667,6,0.542743980884552
2021-04-07,stellar,166771,106.56740442655936,123.9195171026157,0.9620724346076486,497,69.2,286.4,475813,10,71628.57142857143,27168.1,341,1289.2,10,0.47328001260757446
2021-04-08,stellar,167007,107.8692152917505,123.3661971830986,0.9617102615694164,497,63.4,268,477616,10,70342.85714285714,40689.1,335,1683.7,10,0.506816029548645
2021-04-09,stellar,167239,106.61167002012073,122.31187122736418,0.960120724346076,497,66,274.5,479312,10,70342.85714285714,40689.1,335,1683.7,10,0.4863870143890381
2021-04-10,stellar,167521,108.07243460764587,122.67203219315896,0.961891348088531,497,71,289.6,481104,10,87075,33969.7,468,1943.2,10,0.5618289709091187
2021-04-11,stellar,168198,106.6056338028169,123.38832997987927,0.9622937625754526,497,72.6,295.2,483430,10,82985.71428571429,35624.1,550.5,1788.1,10,0.5888100266456604
2021-04-12,stellar,168532,107.1774193548387,121.90524193548389,0.9618951612903248,496,71.7,289.4,485442,10,91666.66666666669,35348.444444444445,666.2857142857143,1985.7777777777776,9,0.5905920267105103
2021-04-13,stellar,169048,107.53319919517102,121.57344064386318,0.9609456740442656,497,65.7,266.4,487812,10,99450,38344.857142857145,477,2213.5714285714284,7,0.6553559899330139
2021-04-14,stellar,169550,108.32193158953724,121.99597585513078,0.9615090543259552,497,71.7,284.6,490517,10,89916.66666666667,36601.4,545.5,1848.1,10,0.6367350220680237
2021-04-15,stellar,170037,108.056338028169,122.85110663983905,0.961549295774648,497,72.5,291.1,492621,10,78216.66666666667,37780.3,499.57142857142856,1782.5,10,0.641040027141571
2021-04-16,stellar,170590,108.95171026156942,123.27967806841046,0.961670020120727,497,73,294,495200,10,98575,46420.142857142855,443.5,2199.4285714285716,7,0.6132630109786987
2021-04-17,stellar,171074,109.30985915492958,122.37424547283702,0.9610261569416496,497,73.2,295.9,496934.4,10,77483.33333333333,39728.8,498.6666666666667,1794.3,10,0.5992550253868103
2021-04-18,stellar,171583,110.25150905432596,124.09859154929578,0.961830985915496,497,74,298.5,498981,10,143700,38509.4,538.1111111111111,1764.2,10,0.544734001159668
2021-04-19,stellar,172111,110.71428571428572,124.23340040241447,0.9636820925553315,497,74.6,300.3,500658,10,87633.33333333333,38779,626.5555555555555,1721.7,10,0.5012339949607849
2021-04-20,stellar,172580,111.19315895372232,123.8390342052314,0.9616096579476858,497,78.2,303.7,502826,10,88083.33333333333,40007.1,663.2,1632.8,10,0.5279499888420105
2021-04-21,stellar,173039,111.67203219315896,124.1006036217304,0.9620724346076492,497,83.3,321,504508,10,89016.66666666667,40403.5,687,1635.8,10,0.4920879900455475
2021-04-22,stellar,173422,112.27162977867204,124.51710261569416,0.9633199195171026,497,75.2,285.3,505791,10,82900,43524.7,998.5,1646.5,10,0.4503459930419922
2021-04-23,stellar,173833,112.51106639839034,122.59557344064386,0.9630181086519112,497,74.5,283.8,506971.5,10,70342.85714285714,40689.1,335,1683.7,10,0.4508920013904571
2021-04-24,stellar,174189,112.91750503018108,123.61770623742454,0.96374245472837,497,77.4,295.9,508161,10,73200,41892.4,471.5,1638.8,10,0.42574599385261536
2021-04-25,stellar,174538,113.1066398390342,123.93158953722336,0.9647283702213284,497,78.9,300.7,509434,10,121666.66666666669,52765.166666666664,413,2412.3333333333335,6,0.4164380133152008
2021-04-26,stellar,174909,113.3682092555332,123.0020120724346,0.9643661971830982,497,55.9,233.1,510632,10,68442.85714285714,40149.4,645.375,1645.8,10,0.4856100082397461
2021-04-27,stellar,175329,113.9516129032258,123.55645161290325,0.9643951612903222,496,61.6,249.1,512006,10,75116.66666666667,42516.77777777778,498.8333333333333,1790.5555555555557,9,0.5094789862632751
2021-04-28,stellar,175677,113.95372233400404,122.29376257545272,0.9654325955734402,497,62.6,260.1,513429,10,70342.85714285714,40689.1,335,1683.7,10,0.49734899401664734
