date_scrape,search_word,channel_subs,views,num_comments,num_likes,unique_channels
2021-03-07,dogecoin,2522269.9,610827.9,3189.8888888888887,27250.0,10
2021-03-07,ripple,242950.0,194088.6,1669.5,5870.0,10
2021-03-07,ethereum,623912.5,321521.75,3455.1428571428573,17125.0,8
2021-03-07,stellar crypto,78028.88888888889,56488.6,487.77777777777777,2660.0,10
2021-03-07,bitcoin,1502648.888888889,670892.3333333334,4418.428571428572,22077.777777777777,9
2021-03-07,cosmos crypto,309662.5,104232.5,1010.75,4875.0,8
2021-03-07,cardano,583400.0,323047.7,3493.4444444444443,16400.0,10
2021-03-07,litecoin,160360.0,61185.2,677.625,3231.0,10
2021-03-07,algorand,49562.0,26860.4,372.0,1120.5,10
2021-03-07,dot crypto,371650.0,128828.2,1333.2222222222222,7360.0,10
2021-03-08,ripple,203642.85714285713,185079.7142857143,872.0,294.14285714285717,7
2021-03-08,bitcoin,1800581.111111111,1049743.2222222222,4795.857142857143,835.5555555555555,9
2021-03-08,litecoin,158950.0,59061.5,621.0,48.166666666666664,6
2021-03-08,cardano,593200.0,287094.8,3150.0,321.7,10
2021-03-08,cosmos crypto,450400.0,146454.6,1551.75,115.2,5
2021-03-08,stellar crypto,75503.75,61168.25,567.25,83.0,8
2021-03-08,algorand,49893.0,27074.8,379.375,21.4,10
2021-03-08,ethereum,619800.0,350957.1666666667,3337.25,450.8333333333333,6
2021-03-08,dot crypto,304733.3333333333,87366.77777777778,1135.625,80.55555555555556,9
2021-03-08,dogecoin,2811488.888888889,688015.8888888889,4094.8333333333335,701.1111111111111,9
2021-03-09,cardano,562100.0,294613.0,3104.4444444444443,324.2,10
2021-03-09,ripple,201620.0,164221.6,1814.0,218.5,10
2021-03-09,stellar crypto,78786.66666666667,57068.1,541.8,77.1,10
2021-03-09,bitcoin,1845257.0,989847.5,5160.111111111111,833.7,10
2021-03-09,litecoin,149590.0,59416.6,710.3,46.9,10
2021-03-09,cosmos crypto,172912.0,67825.9,781.3,64.9,10
2021-03-09,algorand,50222.0,27270.8,360.44444444444446,21.6,10
2021-03-09,dogecoin,2337522.0,479197.3,3248.3333333333335,582.7,10
2021-03-09,ethereum,622840.0,311111.4,3286.4,399.3,10
2021-03-09,dot crypto,291010.0,84392.3,1006.5,78.1,10
2021-03-10,cardano,565800.0,300020.1,3092.8888888888887,326.9,10
2021-03-10,cosmos crypto,164453.0,68735.0,763.0,65.1,10
2021-03-10,litecoin,151140.0,59725.4,655.0,47.4,10
2021-03-10,ethereum,639650.0,345057.8333333333,3651.2,472.6666666666667,6
2021-03-10,algorand,50321.0,27423.7,344.6666666666667,22.0,10
2021-03-10,stellar crypto,79254.44444444444,57297.1,549.4444444444445,78.0,10
2021-03-10,dogecoin,3308233.3333333335,641351.1666666666,4158.0,786.5,6
2021-03-10,bitcoin,1918453.3333333333,1450209.3333333333,5807.25,746.0,6
2021-03-10,ripple,232866.66666666666,196145.0,2088.3333333333335,222.0,6
2021-03-10,dot crypto,339212.5,93488.375,1076.75,86.875,8
2021-03-11,dot crypto,425200.0,145379.8,1890.0,115.6,5
2021-03-11,litecoin,173955.55555555556,65287.666666666664,864.8333333333334,57.333333333333336,9
2021-03-11,stellar crypto,127407.0,72180.2,626.6,89.2,10
2021-03-11,algorand,55513.0,27535.4,388.4,22.4,10
2021-03-11,bitcoin,1920220.0,1487169.0,3382.6,768.3333333333334,6
2021-03-11,ripple,246630.0,166248.7,1879.111111111111,146.4,10
2021-03-11,dogecoin,2211415.0,450709.0,2773.6666666666665,547.8,10
2021-03-11,ethereum,630000.0,311961.6,3311.6666666666665,408.2,10
2021-03-11,cardano,569200.0,305510.9,3255.375,330.2,10
2021-03-11,cosmos crypto,218578.0,82468.7,968.0,76.0,10
2021-03-12,bitcoin,1760500.0,1116006.2,4232.4,689.8,10
2021-03-12,ripple,253480.0,170433.9,1572.4,148.2,10
2021-03-12,algorand,49246.25,26136.5,397.3,22.4,10
2021-03-12,dogecoin,2385633.3333333335,472062.55555555556,3136.7,592.4,10
2021-03-12,cardano,583666.6666666666,307528.0,3033.0,332.5,10
2021-03-12,litecoin,160025.0,54642.75,802.6666666666666,58.44444444444444,9
2021-03-12,dot crypto,281160.0,85561.0,914.7,77.2,10
2021-03-12,stellar crypto,82420.0,58253.6,622.9,87.0,10
2021-03-12,ethereum,643222.2222222222,292406.77777777775,2967.7,391.5,10
2021-03-12,cosmos crypto,116841.0,50107.4,600.4,44.3,10
2021-03-13,ethereum,637683.3333333334,350779.5,3413.3333333333335,470.8333333333333,6
2021-03-13,dot crypto,,,,,1
2021-03-13,dogecoin,,,,,1
2021-03-13,ripple,268271.4285714286,189622.42857142858,1860.2857142857142,195.57142857142858,8
2021-03-13,bitcoin,1613264.0,1144156.0,3619.0,670.9,10
2021-03-13,algorand,60602.0,27498.4,417.22222222222223,22.6,10
2021-03-13,stellar crypto,94066.66666666667,53059.7,514.4285714285714,72.9,10
2021-03-13,litecoin,191700.0,69266.55555555556,768.0,70.11111111111111,9
2021-03-13,cosmos crypto,,,,,1
2021-03-13,cardano,612500.0,329576.125,3355.25,375.75,8
2021-03-14,ripple,229244.44444444444,161305.44444444444,1634.888888888889,160.66666666666666,9
2021-03-14,ethereum,592840.0,312600.2,2984.1,395.7,10
2021-03-14,algorand,59738.0,26105.3,395.0,22.0,10
2021-03-14,stellar crypto,102000.0,61979.833333333336,659.8333333333334,61.333333333333336,6
2021-03-14,cosmos crypto,182890.0,83395.9,917.6,83.1,10
2021-03-14,dot crypto,645000.0,232608.0,2270.0,211.0,2
2021-03-14,cardano,580900.0,316624.0,3215.222222222222,335.3,10
2021-03-14,dogecoin,,,,,1
2021-03-14,bitcoin,1912078.0,1066596.3,3741.5714285714284,800.6,10
2021-03-14,litecoin,187100.0,89257.33333333333,901.6666666666666,76.83333333333333,6
2021-03-15,stellar crypto,98844.44444444444,52221.4,642.2,53.6,10
2021-03-15,bitcoin,1676582.0,1735144.6,5050.4,602.6,5
2021-03-15,dot crypto,350570.0,86776.8,991.4444444444445,88.5,10
2021-03-15,ethereum,588380.0,314090.5,3032.7,394.5,10
2021-03-15,cosmos crypto,180500.0,84122.83333333333,1184.0,66.83333333333333,6
2021-03-15,dogecoin,3449566.6666666665,658310.8333333334,3545.8333333333335,781.0,6
2021-03-15,cardano,584100.0,319407.6,3223.8888888888887,336.8,10
2021-03-15,algorand,143359.0,25893.1,411.3,23.3,10
2021-03-15,ripple,262480.0,175859.2,1746.4,226.4,5
2021-03-15,litecoin,180566.66666666666,73831.88888888889,985.0,67.11111111111111,9
2021-03-18,ethereum,730700.0,311591.6,3194.9,15040.0,10
2021-03-18,stellar crypto,147581.0,60414.4,541.6666666666666,2737.1,10
2021-03-18,litecoin,159466.66666666666,66584.55555555556,1122.857142857143,3288.8888888888887,9
2021-03-18,bitcoin,1571609.0,827801.6,4777.8,22530.0,10
2021-03-18,ripple,233800.0,139263.6,1503.4444444444443,6180.0,10
2021-03-18,dot crypto,321240.0,95740.0,945.8,5070.0,10
2021-03-18,cosmos crypto,176220.0,56808.6,649.8888888888889,3070.0,10
2021-03-18,cardano,588800.0,318374.5,2757.9,15000.0,10
2021-03-18,algorand,136422.0,30609.2,356.6666666666667,1310.4,10
2021-03-18,dogecoin,1967817.0,398372.5,2000.1,18650.0,10
2021-03-19,bitcoin,1789000.0,699875.9,4649.2,19110.0,10
2021-03-19,stellar crypto,181566.66666666666,79478.16666666667,600.2,3283.3333333333335,6
2021-03-19,algorand,136631.0,31605.3,421.0,1343.5,10
2021-03-19,cosmos crypto,128020.0,48870.3,393.8,2524.5,10
2021-03-19,litecoin,121522.22222222222,45836.333333333336,642.0,2270.0,10
2021-03-19,ripple,307000.0,153215.14285714287,985.7142857142857,4685.714285714285,7
2021-03-19,dogecoin,2088986.0,415238.5,835.875,20820.1,10
2021-03-19,cardano,634200.0,388128.6,3692.0,18200.0,5
2021-03-19,ethereum,820833.3333333334,355612.8333333333,4000.4,17000.0,6
2021-03-19,dot crypto,323550.0,97294.6,824.8571428571429,5110.0,10
2021-03-20,bitcoin,1405236.3636363635,580827.6363636364,4138.545454545455,21445.454545454544,11
2021-03-20,dot crypto,325950.0,98872.7,995.8888888888889,5140.0,10
2021-03-20,litecoin,124360.0,47233.7,761.9,2280.0,10
2021-03-20,dogecoin,607285.0,195891.4,886.6,7890.2,10
2021-03-20,cosmos crypto,128730.0,48956.0,504.6666666666667,2524.9,10
2021-03-20,cardano,595900.0,322546.7,2768.8,15300.0,10
2021-03-20,ethereum,738000.0,317822.0,3235.3,15140.0,10
2021-03-20,ripple,275740.0,141273.6,1186.8,5420.0,10
2021-03-20,algorand,138236.0,32648.8,414.22222222222223,1396.5,10
2021-03-20,stellar crypto,96992.0,41581.6,504.0,2177.2,10
2021-03-21,litecoin,117900.0,59926.0,865.0,2440.0,5
2021-03-21,cosmos crypto,136990.0,47979.6,651.25,2565.4,10
2021-03-21,stellar crypto,101666.66666666667,45925.166666666664,688.0,2366.6666666666665,6
2021-03-21,dogecoin,558181.1111111111,196931.7,840.1,7910.2,10
2021-03-21,bitcoin,1485116.0,674117.6,4786.4,22600.0,10
2021-03-21,cardano,639800.0,396871.4,3682.0,18800.0,5
2021-03-21,ripple,372800.0,161119.875,861.75,4362.5,8
2021-03-21,algorand,189265.7142857143,44261.71428571428,563.5,1810.0,7
2021-03-21,dot crypto,359966.6666666667,103709.66666666667,971.625,5566.666666666667,9
2021-03-21,ethereum,792000.0,350677.14285714284,2808.5,16428.571428571428,7
2021-03-22,cardano,603300.0,326596.6,2949.0,15300.0,10
2021-03-22,litecoin,147900.0,62563.0,1139.0,2900.0,5
2021-03-22,stellar crypto,101850.0,46068.833333333336,429.25,2366.6666666666665,6
2021-03-22,dot crypto,405112.5,119309.5,1407.8,6200.0,8
2021-03-22,filecoin,178000.0,50767.0,198.0,2600.0,1
2021-03-22,ripple,311640.0,157051.1,1006.6666666666666,5610.0,10
2021-03-22,bitcoin,1771375.0,583780.875,5916.6,20250.0,8
2021-03-22,ethereum,813000.0,362115.6666666667,4370.5,16500.0,6
2021-03-22,cosmos crypto,195700.0,85025.0,625.5,4433.333333333333,6
2021-03-22,algorand,186287.14285714287,41147.42857142857,543.75,1709.4285714285713,7
2021-03-22,dogecoin,819780.0,249244.42857142858,1032.6,12914.285714285714,7
2021-03-23,dogecoin,591809.0,210695.5,938.8,10450.0,10
2021-03-23,litecoin,144380.0,43702.2,732.3,2400.0,10
2021-03-23,bitcoin,3114800.0,841370.2,6600.1,46220.0,10
2021-03-23,stellar crypto,99724.0,40506.0,511.5,2177.4,10
2021-03-23,algorand,136677.0,31608.1,387.6,1362.0,10
2021-03-23,ethereum,730600.0,314509.4,3039.0,14100.0,10
2021-03-23,cosmos crypto,126700.0,43030.3,503.8888888888889,2398.1,10
2021-03-23,cardano,617000.0,329012.6,2674.3,15600.0,10
2021-03-23,dot crypto,333000.0,113048.0,978.8888888888889,5570.0,10
2021-03-23,ripple,311760.0,160355.2,1193.2,5540.0,10
2021-03-24,ethereum,820666.6666666666,366045.6666666667,4844.0,16666.666666666668,6
2021-03-24,ripple,322037.5,168323.5,1185.6,5500.0,8
2021-03-24,dot crypto,335250.0,114734.8,1241.142857142857,5600.0,10
2021-03-24,litecoin,144770.0,43832.4,720.8333333333334,2400.0,10
2021-03-24,dogecoin,481191.0,195445.6,974.3333333333334,8930.0,10
2021-03-24,algorand,128356.0,25063.5,163.2,1067.5,10
2021-03-24,cosmos crypto,119799.0,42858.4,647.8571428571429,2283.6,10
2021-03-24,cardano,642500.0,384992.8333333333,3806.5,17666.666666666668,6
2021-03-24,bitcoin,2956900.0,846175.9,7981.375,46970.0,10
2021-03-24,stellar crypto,106171.42857142857,44569.857142857145,487.6666666666667,2400.0,7
2021-03-25,cosmos crypto,120652.0,42853.1,505.0,2284.7,10
2021-03-25,dogecoin,481554.0,169965.7,878.3333333333334,8060.0,10
2021-03-25,dot crypto,348720.0,110312.8,1004.3333333333334,5280.0,10
2021-03-25,stellar crypto,86574.0,38480.2,366.8,1953.2,10
2021-03-25,litecoin,146310.0,43928.7,722.5,2400.0,10
2021-03-25,ripple,312080.0,158976.2,1072.0,5480.0,10
2021-03-25,algorand,128828.0,24784.2,403.25,1076.2,10
2021-03-25,bitcoin,2957700.0,852735.9,6214.714285714285,47070.0,10
2021-03-25,ethereum,742000.0,318477.0,1789.2,14680.0,10
2021-03-25,cardano,614900.0,333254.6,2630.4285714285716,15280.0,10
2021-03-26,dogecoin,474375.0,171422.7,783.1,7510.0,10
2021-03-26,cosmos crypto,167137.0,45488.2,571.5,2568.8,10
2021-03-26,stellar crypto,84634.0,39790.9,487.44444444444446,2006.2,10
2021-03-26,ripple,312280.0,148414.9,1147.9,4920.0,10
2021-03-26,algorand,132182.0,23792.1,335.55555555555554,1039.5,10
2021-03-26,dot crypto,356444.44444444444,114746.3,989.1,4960.0,10
2021-03-26,litecoin,177939.3,66474.1,942.6,3413.7,10
2021-03-26,cardano,638100.0,323238.5,2618.8,15280.0,10
2021-03-26,bitcoin,1302000.0,531065.3,4435.1,19880.0,10
2021-03-26,ethereum,671600.0,281360.5,2371.4,12530.0,10
2021-03-27,chainlink,245170.0,78043.3,943.8,4450.0,10
2021-03-27,bitcoin,1322500.0,529110.3,4467.0,20280.0,10
2021-03-27,tezos,24186.4,7853.3,59.1,316.6,10
2021-03-27,algorand,131793.33333333334,23156.666666666668,308.9,1040.0,10
2021-03-27,ethereum,668888.8888888889,288133.3333333333,2583.0,12811.111111111111,9
2021-03-27,cardano,673200.0,322710.4,2371.5555555555557,16380.0,10
2021-03-27,dogecoin,487647.5,136498.625,908.9,6730.0,10
2021-03-27,litecoin,196142.85714285713,69013.57142857143,980.0,3443.8,10
2021-03-27,dot crypto,411783.3333333333,98889.0,990.3,4970.0,10
2021-03-27,cosmos crypto,137418.88888888888,41012.0,497.7,2236.6,10
2021-03-27,monero,40351.2,11141.3,202.9,739.5,10
2021-03-27,stellar crypto,84644.0,39818.1,509.7,2006.8,10
2021-03-27,filecoin,138582.5,14391.666666666668,187.11111111111111,1085.375,9
2021-03-27,ripple,340100.0,157017.77777777778,979.5,4260.0,10
2021-03-27,dai crypto,6013.625,748.3333333333334,13.3,48.0,10
2021-03-28,monero,130733.0,21147.0,359.8,1496.2,10
2021-03-28,dai crypto,6882.222222222223,780.3,14.4,49.9,10
2021-03-28,dogecoin,533031.0,140879.6,909.8,6740.0,10
2021-03-28,bitcoin,4746416.666666667,897086.6666666666,7428.75,48500.0,12
2021-03-28,tezos,25586.0,7758.4,62.9,330.6,10
2021-03-28,cardano,679800.0,324787.1,2600.1,16480.0,10
2021-03-28,filecoin,165077.0,26936.545454545456,240.0,1706.5,11
2021-03-28,stellar crypto,84905.0,39863.9,542.3333333333334,2007.5,10
2021-03-28,algorand,132398.0,24097.2,311.1,1050.5,10
2021-03-28,cosmos crypto,168294.0,48216.3,641.6666666666666,2689.7,10
2021-03-28,tron crypto,89351.11111111111,31763.0,847.1,1380.8,10
2021-03-28,eos crypto,70444.44444444444,31646.3,438.6666666666667,1807.2,10
2021-03-28,chainlink,261100.0,78418.1,815.7,4230.0,10
2021-03-28,ethereum,675444.4444444445,289422.8888888889,2598.5555555555557,12811.111111111111,9
2021-03-28,ripple,353900.0,164457.8,1057.4444444444443,4370.0,10
2021-03-28,dot crypto,388700.0,113316.8,920.8,4840.0,10
2021-03-28,litecoin,188210.1,68730.8,984.0,3454.4,10
2021-03-29,bitcoin,5577666.666666667,927422.4444444445,7584.111111111111,53777.77777777778,9
2021-03-29,dogecoin,500325.0,134164.3,904.4444444444445,5440.0,10
2021-03-29,tezos,24228.0,6174.2,53.666666666666664,264.8,10
2021-03-29,dot crypto,363466.6666666667,116916.0,953.6,4990.0,10
2021-03-29,cardano,681500.0,325414.7,2596.4444444444443,16480.0,10
2021-03-29,cosmos crypto,161751.0,49032.9,574.6,2759.7,10
2021-03-29,stellar crypto,74340.0,32225.9,438.1,1625.6,10
2021-03-29,litecoin,189010.0,68818.1,1091.7777777777778,3454.4,10
2021-03-29,dai crypto,5593.888888888889,715.0,13.9,46.3,10
2021-03-29,eos crypto,70644.44444444444,31713.9,395.0,1807.3,10
2021-03-29,chainlink,262000.0,78844.2,777.5555555555555,4250.0,10
2021-03-29,filecoin,172144.44444444444,25269.1,238.4,1632.3333333333333,10
2021-03-29,tron crypto,91246.66666666667,32278.4,874.6,1421.8,10
2021-03-29,ethereum,677000.0,282370.1111111111,1973.375,12255.555555555555,9
2021-03-29,ripple,313520.0,143036.3,1204.8,5050.0,10
2021-03-29,algorand,128928.0,23929.6,312.9,1032.5,10
2021-03-29,monero,131054.0,23004.5,382.1,1593.1,10
2021-03-30,filecoin,172977.77777777778,26151.2,241.42857142857142,1666.0,10
2021-03-30,bitcoin,1679333.3333333333,656361.5555555555,5669.444444444444,24333.333333333332,9
2021-03-30,chainlink,264200.0,79325.0,760.125,4240.0,10
2021-03-30,dot crypto,394344.44444444444,99409.8,646.125,4440.0,10
2021-03-30,monero,106650.0,22816.5,381.2,1612.1,10
2021-03-30,algorand,129119.0,24241.3,207.6,1046.1,10
2021-03-30,tron crypto,103641.11111111111,39423.4,1218.4444444444443,1799.1,10
2021-03-30,dogecoin,661250.0,148253.8,880.5714285714286,5820.0,10
2021-03-30,eos crypto,86233.33333333333,39645.0,393.7,2047.5,10
2021-03-30,cosmos crypto,142323.0,46198.7,602.0,2471.3,10
2021-03-30,litecoin,213301.2857142857,81664.57142857143,732.0,3950.4285714285716,7
2021-03-30,cardano,685000.0,326579.4,2840.625,16590.0,10
2021-03-30,tezos,21843.0,6219.0,46.166666666666664,258.4,10
2021-03-30,ethereum,680333.3333333334,282975.22222222225,2142.3333333333335,12266.666666666666,9
2021-03-30,stellar crypto,173300.0,60994.2,662.2222222222222,2836.1,10
2021-03-30,ripple,340700.0,171544.66666666666,1333.5,4700.0,6
2021-03-30,dai crypto,5896.444444444444,736.1,15.666666666666666,47.4,10
2021-03-31,cardano,688200.0,327721.8,2708.777777777778,16690.0,10
2021-03-31,tezos,27352.0,5344.1,47.0,196.6,10
2021-03-31,ripple,272840.0,142587.5,1092.625,5360.0,10
2021-03-31,bitcoin,3649666.6666666665,632293.6666666666,5800.625,21555.555555555555,9
2021-03-31,monero,107390.0,23994.4,385.25,1655.0,10
2021-03-31,dogecoin,661534.0,151089.1,781.6666666666666,5850.0,10
2021-03-31,filecoin,167188.88888888888,27046.9,245.1,1745.111111111111,10
2021-03-31,cosmos crypto,143074.0,46389.4,406.6666666666667,2474.8,10
2021-03-31,algorand,117571.0,22020.5,160.14285714285714,936.1,10
2021-03-31,stellar crypto,162776.0,58316.8,577.4,2591.9,10
2021-03-31,tron crypto,90614.44444444444,36605.6,1560.0,1633.2,10
2021-03-31,eos crypto,87033.33333333333,39777.6,391.25,2047.4,10
2021-03-31,ethereum,670333.3333333334,288265.77777777775,2231.0,12200.0,9
2021-03-31,dot crypto,411277.77777777775,96249.6,631.6666666666666,4210.0,10
2021-03-31,litecoin,161267.77777777778,60602.333333333336,790.8,2806.1111111111113,9
2021-03-31,chainlink,265410.0,79563.2,1061.888888888889,4560.0,10
2021-03-31,dai crypto,5920.666666666667,745.1,15.666666666666666,47.7,10
2021-04-01,cardano,626000.0,306083.1,2096.777777777778,16190.0,10
2021-04-01,monero,100155.0,20950.1,304.0,1316.9,10
2021-04-01,chainlink,267700.0,79937.4,976.5,4560.0,10
2021-04-01,tezos,23909.6,4872.4,38.2,192.3,10
2021-04-01,ripple,354380.0,144952.4,945.5,4150.0,10
2021-04-01,bitcoin,5388666.666666667,1001550.0,8059.444444444444,54611.11111111111,9
2021-04-01,dogecoin,480527.0,113787.4,913.5555555555555,4500.0,10
2021-04-01,dot crypto,461350.0,101268.3,523.0,4520.0,10
2021-04-01,tron crypto,70566.66666666667,39828.7,1099.75,1617.0,10
2021-04-01,eos crypto,83830.0,37184.9,390.7,2112.0,10
2021-04-01,algorand,118245.0,22084.5,306.2,963.6,10
2021-04-01,litecoin,170978.66666666666,61839.666666666664,875.6666666666666,2895.0,9
2021-04-01,cosmos crypto,136313.33333333334,47831.77777777778,437.7,2371.9,10
2021-04-01,filecoin,170266.66666666666,25986.0,442.5,1816.2222222222222,10
2021-04-01,dai crypto,6689.888888888889,788.3,16.125,49.4,10
2021-04-01,ethereum,940333.3333333334,287083.44444444444,2410.5555555555557,13722.222222222223,9
2021-04-01,stellar crypto,59773.333333333336,24088.6,372.8,1256.2,10
2021-04-02,litecoin,193367.55555555556,81928.22222222222,1011.7777777777778,3806.1111111111113,9
2021-04-02,eos crypto,79266.66666666667,31140.0,423.22222222222223,2110.7,10
2021-04-02,filecoin,192900.0,30454.0,437.7,2255.5555555555557,10
2021-04-02,stellar crypto,62370.0,24222.9,379.8,1235.1,10
2021-04-02,cosmos crypto,63743.0,26279.1,237.66666666666666,1339.2,10
2021-04-02,monero,121178.0,24338.2,336.8,1393.0,10
2021-04-02,tezos,20892.6,4614.6,49.666666666666664,162.2,10
2021-04-02,tron crypto,96092.22222222222,37190.4,1125.6666666666667,1590.0,10
2021-04-02,dogecoin,481006.0,114803.7,919.1111111111111,4540.0,10
2021-04-02,chainlink,277200.0,80629.9,1029.7,4590.0,10
2021-04-02,dai crypto,6702.444444444444,800.4,14.2,50.4,10
2021-04-02,ethereum,942333.3333333334,288639.6666666667,2428.8888888888887,13833.333333333334,9
2021-04-02,cardano,647900.0,272730.1,1657.3,14640.0,10
2021-04-02,dot crypto,442666.6666666667,94333.44444444444,602.1,4570.0,10
2021-04-02,ripple,374700.0,153453.9,984.4,4320.0,10
2021-04-02,bitcoin,5583375.0,993139.5,8111.111111111111,54311.11111111111,9
2021-04-02,algorand,119868.0,22398.2,296.8,957.1,10
2021-04-03,bitcoin,3582212.5,719494.5,5746.555555555556,23788.88888888889,9
2021-04-03,tezos,21047.7,4672.4,47.6,164.1,10
2021-04-03,dot crypto,475800.0,96972.5,593.0,4630.0,10
2021-04-03,litecoin,161534.55555555556,64208.555555555555,823.6666666666666,2828.3333333333335,9
2021-04-03,filecoin,193850.0,31844.222222222223,482.25,2311.3333333333335,10
2021-04-03,cosmos crypto,121604.0,40345.4,295.3,2070.3,10
2021-04-03,ripple,354470.0,136247.9,985.6,4270.0,10
2021-04-03,algorand,121010.0,22690.0,298.2,962.7,10
2021-04-03,stellar crypto,74333.75,28260.8,408.8888888888889,1371.5,10
2021-04-03,tron crypto,89831.11111111111,38244.6,989.75,1527.9,10
2021-04-03,dai crypto,7318.625,690.5,13.3,48.2,10
2021-04-03,monero,127232.0,24894.9,379.1111111111111,1450.0,10
2021-04-03,dogecoin,632317.0,90224.2,807.8888888888889,3380.0,10
2021-04-03,chainlink,278400.0,80993.0,1025.0,4600.0,10
2021-04-03,cardano,651600.0,273179.9,1554.3,14640.0,10
2021-04-03,eos crypto,84790.0,37624.7,416.77777777777777,2121.6,10
2021-04-03,ethereum,945555.5555555555,289918.44444444444,2437.777777777778,13833.333333333334,9
2021-04-04,dai crypto,7336.375,696.1,26.75,48.7,10
2021-04-04,bitcoin,3775888.888888889,684783.0,5357.25,24477.777777777777,9
2021-04-04,algorand,186400.0,33449.833333333336,480.2,1368.5,6
2021-04-04,cardano,631857.1428571428,305706.0,1573.75,16557.14285714286,7
2021-04-04,ripple,354500.0,139700.1,1193.875,4330.0,10
2021-04-04,stellar crypto,74621.25,29939.666666666668,329.3333333333333,1509.6666666666667,9
2021-04-04,dogecoin,632798.0,93120.5,742.875,3640.0,10
2021-04-04,filecoin,193733.33333333334,34438.6,380.0,2325.6666666666665,10
2021-04-04,eos crypto,85770.0,37815.8,417.0,2132.4,10
2021-04-04,tezos,21246.8,4717.3,55.0,165.6,10
2021-04-04,cosmos crypto,175675.0,60395.333333333336,438.6666666666667,3078.3333333333335,6
2021-04-04,chainlink,279900.0,81252.9,905.5555555555555,4620.0,10
2021-04-04,ethereum,948000.0,290951.3333333333,2205.875,13944.444444444445,9
2021-04-04,tron crypto,90779.0,39722.0,1013.3,1680.0,10
2021-04-04,monero,128064.0,25354.2,348.2,1464.1,10
2021-04-04,dot crypto,466070.0,101833.6,632.875,4990.0,10
2021-04-04,litecoin,169444.57142857142,69786.71428571429,1066.0,3036.4285714285716,7
2021-04-05,algorand,121356.0,23246.9,135.16666666666666,979.9,10
2021-04-05,monero,238020.0,45861.8,1123.5,2671.2,5
2021-04-05,ripple,408566.6666666667,158153.83333333334,366.0,3483.3333333333335,6
2021-04-05,eos crypto,92190.0,40389.3,639.25,2193.7,10
2021-04-05,dot crypto,659500.0,130684.83333333333,711.6,6050.0,6
2021-04-05,dogecoin,659314.2857142857,132509.2857142857,816.4,5257.142857142857,7
2021-04-05,dai crypto,2662.1111111111113,286.7,10.777777777777779,18.9,10
2021-04-05,tron crypto,70175.0,44276.5,981.6666666666666,1766.6666666666667,6
2021-04-05,bitcoin,5558000.0,914588.8,9445.0,30460.0,5
2021-04-05,tezos,24474.285714285714,5819.428571428572,46.5,187.57142857142858,7
2021-04-05,cardano,691500.0,238854.83333333334,1413.0,13483.333333333334,6
2021-04-05,litecoin,261050.0,118919.25,1498.3333333333333,5550.0,4
2021-04-05,filecoin,206842.85714285713,44052.0,528.6666666666666,2600.0,7
2021-04-05,ethereum,723250.0,372947.5,2801.25,14250.0,4
2021-04-05,cosmos crypto,124767.0,34463.0,270.625,1755.0,10
2021-04-05,chainlink,301333.3333333333,79697.0,987.0,4370.0,10
2021-04-05,stellar crypto,62245.0,27979.0,292.6,1351.5,8
2021-04-06,ripple,426412.5,478725.77777777775,1066.7777777777778,7655.555555555556,9
2021-04-06,litecoin,231880.0,107660.2,1293.75,4980.0,5
2021-04-06,dot crypto,490866.6666666667,114023.55555555556,605.1666666666666,4833.333333333333,9
2021-04-06,bitcoin,5359000.0,980938.0,8243.75,26280.0,5
2021-04-06,filecoin,272833.3333333333,55373.333333333336,819.4,3400.0,6
2021-04-06,algorand,121525.0,23478.3,440.6,983.0,10
2021-04-06,chainlink,323888.8888888889,80237.0,726.2222222222222,4220.0,10
2021-04-06,stellar crypto,74500.0,31642.666666666668,273.0,1715.1666666666667,6
2021-04-06,tron crypto,65582.0,49151.0,1003.0,1760.0,5
2021-04-06,dai crypto,3822.3333333333335,371.5,15.0,22.8,10
2021-04-06,cardano,709600.0,218170.2,1400.3333333333333,11840.0,10
2021-04-06,eos crypto,89320.0,38497.5,396.3,2083.3,10
2021-04-06,dogecoin,488690.0,111109.9,763.625,4790.0,10
2021-04-06,tezos,24730.0,6873.666666666667,104.0,322.0,6
2021-04-06,cosmos crypto,278567.14285714284,86914.14285714286,545.0,4983.428571428572,7
2021-04-06,monero,201428.57142857142,36537.42857142857,515.0,2385.1428571428573,7
2021-04-06,ethereum,932333.3333333334,308232.1111111111,2733.625,14055.555555555555,9
2021-04-07,cardano,712800.0,218283.9,1324.8,11840.0,10
2021-04-07,dot crypto,423650.0,107184.0,448.0,4750.0,10
2021-04-07,dogecoin,481720.0,109689.3,705.7777777777778,4270.0,10
2021-04-07,bitcoin,3787175.0,668985.875,3678.8,24100.0,8
2021-04-07,dai crypto,2701.6666666666665,308.0,13.5,19.4,10
2021-04-07,chainlink,370444.44444444444,86693.9,739.8,4410.0,10
2021-04-07,tezos,24287.0,5440.3,45.285714285714285,275.1,10
2021-04-07,stellar crypto,71628.57142857143,27168.1,341.0,1289.2,10
2021-04-07,monero,140690.0,26838.4,128.0,1487.6,10
2021-04-07,litecoin,200290.22222222222,77698.66666666667,1162.6,3628.5555555555557,9
2021-04-07,cosmos crypto,123867.0,42356.8,397.0,2452.6,10
2021-04-07,eos crypto,135770.0,65165.9,748.6666666666666,3578.3,10
2021-04-07,ripple,465810.0,157926.7,800.625,3290.0,10
2021-04-07,tron crypto,82085.0,41062.3,1413.625,1880.0,10
2021-04-07,ethereum,1029285.7142857143,327299.4285714286,2991.8333333333335,15128.57142857143,7
2021-04-07,algorand,121620.0,23675.5,344.2857142857143,984.2,10
2021-04-07,filecoin,202544.44444444444,41448.1,549.1,2833.3333333333335,10
2021-04-10,tron crypto,72395.44444444444,40310.7,1187.125,1710.0,10
2021-04-10,chainlink,300600.0,80346.1,920.8,4360.0,10
2021-04-10,cardano,673600.0,217293.7,1448.375,12130.0,10
2021-04-10,dai crypto,3133.222222222222,385.3,13.375,19.9,10
2021-04-10,algorand,120093.0,24148.2,393.1666666666667,994.0,10
2021-04-10,stellar crypto,87075.0,33969.7,468.0,1943.2,10
2021-04-10,ripple,464988.8888888889,1191538.6,1935.4444444444443,15120.0,10
2021-04-10,eos crypto,79877.77777777778,37069.555555555555,513.0,2434.5555555555557,9
2021-04-10,monero,169694.44444444444,30979.88888888889,404.9,2486.1,10
2021-04-10,tezos,30191.11111111111,6600.0,70.85714285714286,346.55555555555554,9
2021-04-10,bitcoin,1332170.0,509998.7,3727.777777777778,22890.0,10
2021-04-10,dogecoin,214000.0,77393.2,439.8333333333333,3590.0,10
2021-04-10,cosmos crypto,55284.0,19777.7,170.5,915.0,10
2021-04-10,filecoin,193070.0,47161.1,529.2,2790.0,10
2021-04-10,dot crypto,429400.0,102904.5,577.7777777777778,4500.0,10
2021-04-10,ethereum,1004400.0,285606.9,2253.6666666666665,14290.0,10
2021-04-10,litecoin,195223.55555555556,78305.33333333333,988.0,3661.777777777778,9
2021-04-11,dogecoin,224790.0,79968.8,460.75,3075.8,10
2021-04-11,tezos,28970.0,6768.5,60.1,329.6,10
2021-04-11,monero,173957.0,42576.1,416.8,2690.0,10
2021-04-11,filecoin,193900.0,47848.6,651.5555555555555,2810.0,10
2021-04-11,dot crypto,422950.0,101740.7,541.0,4410.0,10
2021-04-11,tron crypto,69660.0,42901.3,1007.5555555555555,1626.6,10
2021-04-11,chainlink,290933.3333333333,70801.1,568.8888888888889,3100.0,10
2021-04-11,cardano,615500.0,209863.6,1466.5,11270.0,10
2021-04-11,dai crypto,6768.5,871.5,24.0,58.0,10
2021-04-11,cosmos crypto,61512.0,21944.2,171.8,977.0,10
2021-04-11,ethereum,1261888.888888889,293751.1111111111,2067.777777777778,13655.555555555555,9
2021-04-11,eos crypto,77570.0,35563.6,505.6666666666667,2530.777777777778,10
2021-04-11,algorand,118948.0,23878.0,284.5,965.8,10
2021-04-11,stellar crypto,82985.71428571429,35624.1,550.5,1788.1,10
2021-04-11,bitcoin,1993580.0,518614.1,3956.7,22400.0,10
2021-04-11,ripple,499455.55555555556,1272029.9,1907.9,17120.0,10
2021-04-11,litecoin,196801.33333333334,76079.55555555556,987.7142857142857,3617.4444444444443,9
2021-04-12,tezos,31546.666666666668,7288.111111111111,62.6,339.0,9
2021-04-12,dai crypto,6787.333333333333,1332.3333333333333,24.75,89.16666666666667,6
2021-04-12,monero,174798.0,45000.5,191.0,2791.8,10
2021-04-12,chainlink,339571.4285714286,83910.0,733.8333333333334,4014.285714285714,7
2021-04-12,cosmos crypto,61843.0,22596.6,167.0,985.3,10
2021-04-12,eos crypto,100050.0,51343.333333333336,666.6666666666666,3369.0,6
2021-04-12,litecoin,238420.0,102328.0,868.3333333333334,4720.0,5
2021-04-12,stellar crypto,91666.66666666667,35348.444444444445,666.2857142857143,1985.7777777777778,9
2021-04-12,dogecoin,225150.0,83081.1,547.8,3088.6,10
2021-04-12,tron crypto,60244.444444444445,28309.4,1124.2222222222222,1467.8,10
2021-04-12,ethereum,1261600.0,353369.8,2958.25,16380.0,5
2021-04-12,ripple,500822.22222222225,1269707.5,644.0,17370.0,10
2021-04-12,filecoin,272300.0,65748.83333333333,572.0,3550.0,6
2021-04-12,cardano,712500.0,221204.625,1388.0,12362.5,8
2021-04-12,dot crypto,508320.0,157302.6,515.0,6240.0,5
2021-04-12,bitcoin,2660422.222222222,489818.77777777775,3426.1428571428573,20744.444444444445,9
2021-04-12,algorand,119020.0,24029.7,142.75,966.2,10
2021-04-13,bitcoin,1833737.5,601529.625,4770.833333333333,28625.0,8
2021-04-13,tron crypto,39912.5,25058.0,846.0,1295.2,10
2021-04-13,chainlink,293222.22222222225,71322.1,604.2,3110.0,10
2021-04-13,stellar crypto,99450.0,38344.857142857145,477.0,2213.5714285714284,7
2021-04-13,ethereum,1262800.0,354324.2,3200.8,16380.0,5
2021-04-13,cardano,716500.0,221268.5,1227.6666666666667,12362.5,8
2021-04-13,dai crypto,2874.0,384.6,17.8,19.7,10
2021-04-13,algorand,119175.0,24173.1,657.0,967.3,10
2021-04-13,ripple,502433.3333333333,1281318.5,2082.222222222222,17810.0,10
2021-04-13,monero,184366.66666666666,52679.333333333336,459.57142857142856,3182.222222222222,9
2021-04-13,eos crypto,85012.5,42997.375,668.8333333333334,3026.8571428571427,8
2021-04-13,filecoin,196030.0,48596.9,603.7142857142857,2830.0,10
2021-04-13,dogecoin,197040.0,85219.0,561.6,3820.0,10
2021-04-13,litecoin,198179.11111111112,76399.77777777778,864.5,3617.3333333333335,9
2021-04-13,tezos,31737.777777777777,7353.111111111111,37.333333333333336,339.8888888888889,9
2021-04-13,cosmos crypto,62727.0,22717.4,175.375,986.2,10
2021-04-13,dot crypto,387088.8888888889,100082.66666666667,690.0,4100.0,9
2021-04-14,tron crypto,350411.1111111111,57717.8,668.2,2377.0,10
2021-04-14,ethereum,1012000.0,291579.1,2113.4,13370.0,10
2021-04-14,stellar crypto,89916.66666666667,36601.4,545.5,1848.1,10
2021-04-14,filecoin,197690.0,48940.9,626.7777777777778,2830.0,10
2021-04-14,litecoin,170401.33333333334,55087.7,661.5,2555.6,10
2021-04-14,tezos,29028.0,6977.9,44.8,314.3,10
2021-04-14,monero,172411.0,47456.5,426.4,2923.7,10
2021-04-14,algorand,119200.0,24389.9,286.8,973.5,10
2021-04-14,chainlink,295766.6666666667,71608.2,604.5,3120.0,10
2021-04-14,dot crypto,342500.0,68628.4,431.4,3120.0,10
2021-04-14,bitcoin,3741000.0,919279.8,4528.6,36700.0,10
2021-04-14,eos crypto,76510.0,32497.4,431.1111111111111,2195.5,10
2021-04-14,dogecoin,201600.0,101998.8,676.2222222222222,5160.0,10
2021-04-14,ripple,453544.44444444444,1299116.0,2249.5,18540.0,10
2021-04-14,cardano,651100.0,211348.4,1455.4,11410.0,10
2021-04-14,cosmos crypto,72693.0,26471.0,188.88888888888889,1263.8,10
2021-04-14,dai crypto,6658.333333333333,997.5,17.88888888888889,62.4,10
2021-04-15,litecoin,164687.42857142858,63427.28571428572,1026.3333333333333,2908.0,7
2021-04-15,algorand,191283.33333333334,36410.333333333336,828.5,1391.1666666666667,6
2021-04-15,eos crypto,85371.42857142857,43790.71428571428,615.1666666666666,3100.5,7
2021-04-15,monero,226614.2857142857,65372.0,606.8,4034.5714285714284,7
2021-04-15,dogecoin,200020.0,101233.4,755.6666666666666,5030.0,10
2021-04-15,ripple,561750.0,2585660.8333333335,4168.0,32650.0,6
2021-04-15,chainlink,294900.0,74629.4,746.0,3350.0,10
2021-04-15,tezos,33772.5,7444.555555555556,53.666666666666664,340.44444444444446,9
2021-04-15,filecoin,198780.0,49112.0,734.2,2830.0,10
2021-04-15,tron crypto,365544.44444444444,62474.1,913.7777777777778,2509.6,10
2021-04-15,dot crypto,390500.0,76600.75,396.57142857142856,3475.0,8
2021-04-15,ethereum,1037666.6666666666,301859.44444444444,2475.3333333333335,13433.333333333334,9
2021-04-15,cardano,679444.4444444445,217461.22222222222,1487.5714285714287,11933.333333333334,9
2021-04-15,bitcoin,5853516.666666667,1193130.6666666667,4312.5,52933.333333333336,6
2021-04-15,cosmos crypto,81336.0,25776.1,195.22222222222223,1268.5,10
2021-04-15,stellar crypto,78216.66666666667,37780.3,499.57142857142856,1782.5,10
2021-04-15,dai crypto,9699.166666666666,1560.0,33.25,97.33333333333333,6
2021-04-16,dot crypto,398125.0,75347.0,284.6666666666667,3450.0,8
2021-04-16,litecoin,158920.0,92200.4,,3520.0,5
2021-04-16,tezos,30857.14285714286,8161.0,76.85714285714286,409.625,8
2021-04-16,dai crypto,6874.555555555556,968.7,18.5,61.9,10
2021-04-16,stellar crypto,98575.0,46420.142857142855,443.5,2199.4285714285716,7
2021-04-16,bitcoin,2494014.285714286,1156988.4285714286,14409.0,47928.57142857143,7
2021-04-16,ripple,379676.1666666667,1814860.5714285714,1442.0,25433.0,7
2021-04-16,ethereum,1120166.6666666667,251253.33333333334,548.0,12516.666666666666,6
2021-04-16,chainlink,296777.77777777775,75265.7,637.7142857142857,3440.0,10
2021-04-16,filecoin,200470.0,49348.9,614.3333333333334,2830.0,10
2021-04-16,cardano,715000.0,230090.8,,13380.0,5
2021-04-16,tron crypto,50380.0,37431.833333333336,420.75,1278.6666666666667,6
2021-04-16,algorand,17802.0,8257.1,69.5,415.6,10
2021-04-16,dogecoin,423160.0,212968.0,1249.0,8140.0,5
2021-04-16,eos crypto,80811.11111111111,37107.77777777778,518.75,2482.5,9
2021-04-16,cosmos crypto,88726.0,31227.6,252.8,1384.9,10
2021-04-16,monero,228757.14285714287,66664.14285714286,272.4,4037.0,7
2021-04-17,eos crypto,97400.0,53130.666666666664,674.8,3606.6,6
2021-04-17,monero,266666.6666666667,77199.0,162.0,4702.0,6
2021-04-17,stellar crypto,77483.33333333333,39728.8,498.6666666666667,1794.3,10
2021-04-17,algorand,18119.0,8393.4,138.5,418.2,10
2021-04-17,tezos,27162.222222222223,7634.2,53.5,370.3,10
2021-04-17,dai crypto,6280.5,936.9,28.2,60.0,10
2021-04-17,ripple,445264.75,2465491.4,5191.666666666667,34426.6,5
2021-04-17,bitcoin,2797120.0,959419.5,7614.8,39040.0,10
2021-04-17,ethereum,1080571.4285714286,246735.42857142858,1080.25,12885.714285714286,7
2021-04-17,litecoin,188201.625,79738.77777777778,1002.3333333333334,2973.0,9
2021-04-17,dot crypto,530666.6666666666,101791.66666666667,397.0,4333.333333333333,6
2021-04-17,chainlink,493666.6666666667,128711.5,1719.3333333333333,6083.333333333333,6
2021-04-17,dogecoin,1605360.0,201410.8,2540.5,10820.0,10
2021-04-17,tron crypto,298955.55555555556,46999.1,517.0,1720.1,10
2021-04-17,filecoin,202100.0,49551.6,581.8571428571429,2840.0,10
2021-04-17,cosmos crypto,98300.0,42907.1,319.0,1901.0,10
2021-04-17,cardano,582800.0,193422.8,1379.0,8780.0,10
2021-04-18,stellar crypto,143700.0,38509.4,538.1111111111111,1764.2,10
2021-04-18,dai crypto,7046.555555555556,1192.9,19.375,73.0,10
2021-04-18,dogecoin,1639490.0,242244.6,2635.8888888888887,12690.0,10
2021-04-18,cosmos crypto,163650.0,54086.7,430.22222222222223,2441.6,10
2021-04-18,tezos,24708.0,5573.7,63.4,364.1,10
2021-04-18,ripple,320640.22222222225,1365555.7,2497.7,19183.7,10
2021-04-18,bitcoin,2703900.0,829927.8,5385.444444444444,40440.0,10
2021-04-18,ethereum,925700.0,235811.3,1810.7777777777778,11090.0,10
2021-04-18,algorand,18192.0,8169.0,131.55555555555554,384.2,10
2021-04-18,cardano,464340.0,183555.2,1393.3333333333333,8877.777777777777,10
2021-04-18,filecoin,179030.0,44192.0,610.4444444444445,2377.1,10
2021-04-18,litecoin,172845.88888888888,87953.0,957.25,3206.3333333333335,9
2021-04-18,monero,203500.0,50849.6,466.9,3147.0,10
2021-04-18,dot crypto,377090.0,76332.9,532.4444444444445,3239.1,10
2021-04-19,monero,205100.0,51662.1,469.1,3154.3,10
2021-04-19,stellar crypto,87633.33333333333,38779.0,626.5555555555555,1721.7,10
2021-04-19,bitcoin,2762430.0,873809.6,5538.5,41000.0,10
2021-04-19,dai crypto,20852.555555555555,1022.7,17.0,63.2,10
2021-04-19,dot crypto,392400.0,83762.0,610.6,3700.0,10
2021-04-19,ethereum,964333.3333333334,241713.11111111112,1654.25,11722.222222222223,9
2021-04-19,tron crypto,304142.22222222225,47706.0,639.8571428571429,1572.8,10
2021-04-19,tezos,24890.0,5640.3,63.7,366.3,10
2021-04-19,chainlink,378888.8888888889,97345.4,1261.9473684210527,4315.1,20
2021-04-19,ripple,360529.22222222225,1366456.3,2612.0,20174.0,10
2021-04-19,eos crypto,115900.0,53716.94736842105,726.8823529411765,3438.235294117647,20
2021-04-19,litecoin,183168.11111111112,89932.0,952.6666666666666,3273.0,9
2021-04-19,cardano,467950.0,185429.5,1422.2,8877.777777777777,10
2021-04-19,cosmos crypto,165800.0,54765.9,402.5,2462.1,10
2021-04-19,filecoin,180660.0,44453.9,560.8,2390.1,10
2021-04-19,algorand,18437.0,8160.6,105.4,363.9,10
2021-04-19,dogecoin,1775855.5555555555,273758.22222222225,2851.777777777778,14300.0,9
2021-04-20,bitcoin,2824900.0,859180.4,5764.6,41030.0,10
2021-04-20,dot crypto,372600.0,73144.8,520.4444444444445,3110.0,10
2021-04-20,algorand,20894.0,8750.7,108.7,416.5,10
2021-04-20,stellar crypto,88083.33333333333,40007.1,663.2,1632.8,10
2021-04-20,ripple,361685.1111111111,1369221.4,2629.8,20294.0,10
2021-04-20,litecoin,216244.7142857143,95957.11111111111,883.2222222222222,2984.3333333333335,9
2021-04-20,cardano,487780.0,174142.1,1178.25,8377.777777777777,10
2021-04-20,ethereum,952177.7777777778,252972.88888888888,1414.4285714285713,11922.222222222223,9
2021-04-20,tezos,25037.0,5689.5,70.22222222222223,368.3,10
2021-04-20,cosmos crypto,236470.0,62512.7,454.2,3087.2,10
2021-04-20,dogecoin,1240200.0,305060.375,3512.75,15225.0,8
2021-04-20,monero,244685.7142857143,57745.555555555555,504.1111111111111,3433.0,9
2021-04-21,cosmos crypto,239140.0,67100.4,571.0,3317.8,10
2021-04-21,tezos,28465.0,6176.0,62.0,431.25,8
2021-04-21,filecoin,183045.0,44785.4,479.0,2398.75,20
2021-04-21,stellar crypto,89016.66666666667,40403.5,687.0,1635.8,10
2021-04-21,dogecoin,2033000.0,326941.22222222225,2787.75,15355.555555555555,9
2021-04-21,algorand,21080.0,8933.3,151.0,425.6,10
2021-04-21,cardano,475857.14285714284,187086.0,1574.2,9228.57142857143,7
2021-04-21,monero,222880.0,49035.27272727273,425.7,2873.3636363636365,11
2021-04-21,dai crypto,8813.2,1276.125,22.923076923076923,79.6875,16
2021-04-21,eos crypto,121026.66666666667,53416.3125,591.6363636363636,3100.846153846154,16
2021-04-21,bitcoin,3131062.5,1061726.0,9585.5,47450.0,8
2021-04-21,tron crypto,372338.8888888889,71223.25,809.3529411764706,2953.8,20
2021-04-21,litecoin,188550.0,170429.0,,5775.0,4
2021-04-21,ripple,371073.8,2145116.8333333335,1069.0,30740.833333333332,6
2021-04-21,chainlink,386666.6666666667,91397.15,1163.2105263157894,3925.1,20
2021-04-21,ethereum,1118500.0,274570.8333333333,3314.0,14916.666666666666,6
2021-04-21,dot crypto,415200.0,88318.5,706.6666666666666,4080.0,10
2021-04-22,algorand,25833.333333333332,11000.333333333334,,546.8333333333334,6
2021-04-22,cosmos crypto,241600.0,70044.0,308.0,3448.1,10
2021-04-22,stellar crypto,82900.0,43524.7,998.5,1646.5,10
2021-04-22,chainlink,372100.0,88255.8,1241.0,3960.0,10
2021-04-22,ripple,372295.0,2163956.8333333335,6135.666666666667,30958.333333333332,6
2021-04-22,tron crypto,448375.0,87990.22222222222,1202.857142857143,3856.3333333333335,9
2021-04-22,monero,230600.0,58864.555555555555,93.75,3471.4444444444443,9
2021-04-22,bitcoin,3288187.5,1023069.625,4718.0,44825.0,8
2021-04-22,filecoin,185040.0,45070.4,659.875,2416.3,10
2021-04-22,dot crypto,457666.6666666667,97850.16666666667,,4883.333333333333,6
2021-04-22,dai crypto,6830.2,1114.7,35.25,67.1,10
2021-04-22,litecoin,317500.0,151316.8,,5400.0,5
2021-04-22,eos crypto,109500.0,49775.666666666664,622.5,2876.1428571428573,9
2021-04-22,tezos,53880.0,12459.4,136.5,969.8,10
2021-04-22,ethereum,969214.2857142857,294018.4285714286,758.5,14014.285714285714,7
2021-04-22,dogecoin,1227820.0,384308.6,2088.5,19860.0,5
2021-04-22,cardano,541200.0,194804.6,1199.0,10720.0,5
2021-04-24,algorand,20475.0,9298.9,88.0,429.0,10
2021-04-24,dai crypto,10083.333333333334,1642.3333333333333,12.0,101.66666666666667,6
2021-04-24,cosmos crypto,431000.0,121999.4,747.6666666666666,5920.0,5
2021-04-24,dot crypto,446375.0,85692.125,587.75,4100.0,8
2021-04-24,stellar crypto,73200.0,41892.4,471.5,1638.8,10
2021-04-24,eos crypto,192671.42857142858,95845.14285714286,1013.75,6087.8,7
2021-04-24,dogecoin,1872455.5555555555,350159.3333333333,3444.4285714285716,16277.777777777777,9
2021-04-24,chainlink,324300.0,71871.0,791.4444444444445,3840.0,10
2021-04-24,tron crypto,383544.44444444444,72629.5,852.25,3389.5,10
2021-04-24,ethereum,947666.6666666666,268800.6666666667,1731.5,14066.666666666666,9
2021-04-24,cardano,405560.0,176991.5,1363.0,9066.666666666666,10
2021-04-24,ripple,237410.5,1893986.7142857143,3960.5,28936.0,7
2021-04-24,litecoin,322400.0,155672.4,4029.0,5480.0,5
2021-04-24,tezos,54990.0,15068.0,245.14285714285714,1040.3,10
2021-04-24,bitcoin,3021777.777777778,985366.8888888889,6798.142857142857,44166.666666666664,9
2021-04-24,filecoin,287833.3333333333,65419.666666666664,908.75,3583.3333333333335,6
2021-04-24,monero,240211.11111111112,55249.2,213.0,3146.9,10
2021-04-25,dai crypto,10992.857142857143,1851.2857142857142,55.5,151.57142857142858,7
2021-04-25,eos crypto,137942.85714285713,60275.0,719.5,3809.6,7
2021-04-25,cardano,460280.0,174029.5,1136.5,8377.777777777777,10
2021-04-25,stellar crypto,121666.66666666667,52765.166666666664,413.0,2412.3333333333335,6
2021-04-25,ethereum,1187600.0,276178.8,2060.5,15520.0,5
2021-04-25,ripple,320582.22222222225,1405909.8,3275.125,21155.5,10
2021-04-25,dogecoin,1908850.0,393136.125,3291.0,17175.0,8
2021-04-25,tezos,55420.0,15248.3,172.11111111111111,1070.7,10
2021-04-25,filecoin,189260.0,45516.8,477.3333333333333,2420.2,10
2021-04-25,litecoin,272764.25,74959.22222222222,510.0,3240.0,9
2021-04-25,bitcoin,3005300.0,1029124.7777777778,4830.666666666667,42322.22222222222,9
2021-04-25,tron crypto,387411.1111111111,70465.2,642.7142857142857,3465.5,10
2021-04-25,monero,279800.0,69896.0,67.0,4133.142857142857,7
2021-04-25,chainlink,280400.0,61528.9,746.25,3360.0,10
2021-04-25,algorand,22504.444444444445,9744.666666666666,93.33333333333333,459.22222222222223,9
2021-04-25,cosmos crypto,221288.88888888888,71474.11111111111,443.1111111111111,3483.222222222222,9
2021-04-25,dot crypto,398500.0,76871.0,514.0,3670.0,10
2021-04-26,ethereum,1095142.857142857,265710.4285714286,1183.75,14100.0,7
2021-04-26,bitcoin,2762466.6666666665,1023950.3333333334,7270.2,41588.88888888889,9
2021-04-26,dot crypto,449125.0,86566.75,629.5,4137.5,8
2021-04-26,tron crypto,387655.55555555556,76003.0,650.8888888888889,3501.8,10
2021-04-26,ripple,321210.44444444444,1418281.8,2439.5714285714284,21396.0,10
2021-04-26,algorand,21198.571428571428,10619.285714285714,133.8,481.2857142857143,7
2021-04-26,filecoin,200690.0,48168.0,751.7142857142857,2573.7,10
2021-04-26,cardano,470200.0,177024.1,1490.3333333333333,8760.0,10
2021-04-26,chainlink,336666.6666666667,75759.16666666667,771.0,4016.6666666666665,6
2021-04-26,dai crypto,8602.1,1449.7,22.714285714285715,112.0,10
2021-04-26,eos crypto,124500.0,54775.125,693.1666666666666,3279.0,8
2021-04-26,tezos,60011.11111111111,16536.222222222223,201.0,1154.6666666666667,9
2021-04-26,dogecoin,2189033.3333333335,430735.3333333333,5058.5,20066.666666666668,6
2021-04-26,monero,281800.0,70937.71428571429,519.5714285714286,4139.285714285715,7
2021-04-26,cosmos crypto,213340.0,68492.0,577.8333333333334,3309.7,10
2021-04-26,stellar crypto,68442.85714285714,40149.4,645.375,1645.8,10
2021-04-26,litecoin,374800.0,94314.83333333333,699.5,3833.3333333333335,6
2021-04-27,cardano,548222.2222222222,171280.88888888888,1249.3333333333333,8500.0,9
2021-04-27,dot crypto,394400.0,67926.1,454.3333333333333,3190.0,10
2021-04-27,dogecoin,1838450.0,365123.8,2757.4444444444443,16430.0,10
2021-04-27,tezos,73450.0,21936.0,275.8333333333333,1598.3333333333333,6
2021-04-27,cosmos crypto,226525.0,78493.875,483.0,3748.5,8
2021-04-27,chainlink,284600.0,61805.6,799.5714285714286,3430.0,10
2021-04-27,monero,206800.0,52934.9,443.375,3079.8,10
2021-04-27,tron crypto,559972.2222222222,40575.1,310.0,1831.7,10
2021-04-27,eos crypto,250580.0,127641.4,1434.75,7475.0,5
2021-04-27,ripple,376167.77777777775,1383798.2,2800.375,21950.0,10
2021-04-27,filecoin,203790.0,50278.1,751.125,2686.3,10
2021-04-27,litecoin,383857.14285714284,95109.5,830.5,4575.0,8
2021-04-27,bitcoin,2872180.0,1601233.8,7673.333333333333,64000.0,5
2021-04-27,stellar crypto,75116.66666666667,42516.77777777778,498.8333333333333,1790.5555555555557,9
2021-04-27,dai crypto,14519.0,2178.0,33.0,151.2,10
2021-04-27,ethereum,920190.0,308369.7,1637.5,11240.0,10
2021-04-27,algorand,20290.0,9686.888888888889,126.5,426.22222222222223,9
2021-04-28,stellar crypto,70342.85714285714,40689.1,335.0,1683.7,10
2021-04-28,monero,240775.0,53535.5,476.22222222222223,3185.1,10
2021-04-28,dot crypto,528500.0,92365.25,509.4,4525.0,8
2021-04-28,filecoin,132020.0,39773.2,605.5,2280.5,10
2021-04-28,tron crypto,329022.22222222225,38636.9,444.5,1872.7,10
2021-04-28,bitcoin,2165250.0,892411.5,4471.833333333333,32680.0,10
2021-04-28,chainlink,324857.14285714284,69596.42857142857,759.75,4257.142857142857,7
2021-04-28,dai crypto,7061.2,1839.5,22.5,131.7,10
2021-04-28,algorand,24608.333333333332,11371.833333333334,155.6,518.5,6
2021-04-28,cardano,523166.6666666667,180310.16666666666,1283.0,9216.666666666666,6
2021-04-28,eos crypto,182712.5,87417.0,1068.4,5286.166666666667,8
2021-04-28,tezos,54136.0,15341.2,165.625,1129.4,10
2021-04-28,cosmos crypto,203100.0,67530.2,609.0,3210.3,10
2021-04-28,ripple,378593.3333333333,1391253.4,693.2857142857143,22890.0,10
2021-04-28,litecoin,477088.8888888889,87322.4,517.0,3936.4,10
2021-04-28,dogecoin,1806033.3333333333,389784.77777777775,1453.6,17088.88888888889,9
2021-04-28,ethereum,1051933.3333333333,355505.5,0.0,14833.333333333334,6
